"merchant","cust","date","first"
"health","007ed9dae20ae43b4d138a4c74d0444b",2014-03-18,2014-03-18
"health","00993bfe3173c009a70124c4e9448468",2014-04-30,2014-04-30
"health","00acea55d2102ca458c9f9556583be19",2014-03-25,2014-03-13
"health","00acea55d2102ca458c9f9556583be19",2014-03-20,2014-03-13
"health","00acea55d2102ca458c9f9556583be19",2014-03-13,2014-03-13
"health","0131b3a8cd04f1fc1201b658cf651fad",2014-03-10,2014-03-10
"health","0178069f30a3d2f5e16f1499014fab71",2014-03-13,2014-03-13
"health","024a9a10daea61a895eb4fca0f70fd21",2014-04-24,2014-04-24
"health","02af09ecbff93c96932a4b304bffad44",2014-03-31,2014-03-31
"health","0332dcfd82c85fb73667624c514ec03c",2014-08-27,2014-04-30
"health","0332dcfd82c85fb73667624c514ec03c",2014-04-30,2014-04-30
"health","033a60b110c59a177157209727615b58",2014-04-28,2014-04-28
"health","03897abefecb9e8f7c37a0237394cd30",2014-06-10,2014-04-22
"health","03897abefecb9e8f7c37a0237394cd30",2014-04-22,2014-04-22
"health","03c3b755aad21698e74edf83425d53b1",2014-03-06,2014-03-06
"health","03ebb2912243564f992967b75f77c1c5",2014-03-05,2014-03-05
"health","040665ec7be4a1c332f567f95e1c314d",2014-04-27,2014-04-27
"health","040a2058a71a8cfe506a13c40b1702f4",2014-04-08,2014-04-08
"health","042fb7a769cc50925a6b7be6bc62aff0",2014-03-14,2014-03-14
"health","048282588a9411d2e598903dab2ff402",2014-03-25,2014-03-25
"health","05092d810529ffa8a93201c77b29b621",2014-06-15,2014-03-28
"health","05092d810529ffa8a93201c77b29b621",2014-05-26,2014-03-28
"health","05092d810529ffa8a93201c77b29b621",2014-04-16,2014-03-28
"health","05092d810529ffa8a93201c77b29b621",2014-03-28,2014-03-28
"health","05189a7cebc911dea75f64295ddc44e8",2014-04-28,2014-04-28
"health","052a03dc6719687124bb9b6a6763a1e8",2014-04-29,2014-04-29
"health","05f1b48fcf1e3bad8c2fda6819a78a47",2014-10-14,2014-04-13
"health","05f1b48fcf1e3bad8c2fda6819a78a47",2014-10-06,2014-04-13
"health","05f1b48fcf1e3bad8c2fda6819a78a47",2014-09-28,2014-04-13
"health","05f1b48fcf1e3bad8c2fda6819a78a47",2014-08-26,2014-04-13
"health","05f1b48fcf1e3bad8c2fda6819a78a47",2014-07-14,2014-04-13
"health","05f1b48fcf1e3bad8c2fda6819a78a47",2014-07-11,2014-04-13
"health","05f1b48fcf1e3bad8c2fda6819a78a47",2014-05-29,2014-04-13
"health","05f1b48fcf1e3bad8c2fda6819a78a47",2014-05-07,2014-04-13
"health","05f1b48fcf1e3bad8c2fda6819a78a47",2014-04-13,2014-04-13
"health","0690b17f84aac03ccd45a732e2d22697",2014-06-02,2014-04-13
"health","0690b17f84aac03ccd45a732e2d22697",2014-04-13,2014-04-13
"health","06b78294077a3d449bc5dca6e3b38240",2014-04-10,2014-04-10
"health","06c6b4fc2fae8bafae81f204cd37280f",2014-04-03,2014-04-03
"health","07216bb03a977c046f980bde7ef496b4",2014-04-14,2014-04-14
"health","0728f3f0c1d8655c288686dea21f6156",2014-04-18,2014-04-18
"health","0784f657b9df9829201df0840bf3fe6b",2014-04-13,2014-04-13
"health","07d37dca7831c0296b00989797753ff9",2014-04-23,2014-04-23
"health","08624786288d7708a01d629fdac4c249",2014-04-20,2014-04-20
"health","088177dcdb76f87313a2d238168b4885",2014-04-30,2014-04-25
"health","088177dcdb76f87313a2d238168b4885",2014-04-25,2014-04-25
"health","098a2909f4b832d61bb446292ab85c41",2014-03-31,2014-03-31
"health","0a21f3edc86dcd3906793e923cf22297",2014-04-19,2014-04-19
"health","0a70900ab96218963b3a49dfb0bc6f94",2014-03-04,2014-03-04
"health","0ac827061c18bda74ac3ffcfd7c27ba3",2014-03-04,2014-03-04
"health","0acce0994b892ef74d8000c9514461de",2014-06-27,2014-04-13
"health","0acce0994b892ef74d8000c9514461de",2014-04-13,2014-04-13
"health","0b1b6575deab9b498575eeddaea3721b",2014-03-13,2014-03-13
"health","0b60c2fddd52c177778a855243b9b2f1",2014-03-27,2014-03-27
"health","0ba87bc7d4187fb97d5e2ba91bbea26f",2014-03-17,2014-03-17
"health","0bf25f3fa8b9f7aeae7ae5c35b8338eb",2014-04-22,2014-04-22
"health","0c4fba9f8a8e744ec2530e47d28df685",2014-04-11,2014-04-11
"health","0c63518aadc687c2e62e278a411c191d",2014-03-13,2014-03-13
"health","0da81f082bee6bb9b6537f78e6703c88",2014-03-07,2014-03-07
"health","0da9af8100178cf1c4c5384dded9b27b",2014-04-15,2014-04-15
"health","0dbf7508961c19a2be9606b5418e45d9",2014-08-21,2014-04-30
"health","0dbf7508961c19a2be9606b5418e45d9",2014-04-30,2014-04-30
"health","0ddde628491c1e7947bbdc923e6a1cac",2014-03-04,2014-03-04
"health","0de9d08af78e8d72dba527ff74dc8b0b",2014-04-22,2014-04-22
"health","0e31e3c8d4bd76367fcd35c127bf0f20",2014-04-05,2014-04-05
"health","0e85c77154e8c2f653ae5501d25286dc",2014-08-03,2014-04-10
"health","0e85c77154e8c2f653ae5501d25286dc",2014-05-22,2014-04-10
"health","0e85c77154e8c2f653ae5501d25286dc",2014-04-10,2014-04-10
"health","0e85c77154e8c2f653ae5501d25286dc",2014-04-10,2014-04-10
"health","0e96b326855f570be2de329d2f1577b8",2014-06-27,2014-03-30
"health","0e96b326855f570be2de329d2f1577b8",2014-04-30,2014-03-30
"health","0e96b326855f570be2de329d2f1577b8",2014-03-30,2014-03-30
"health","0ea871bb4545f1144c67dd093928c476",2014-04-30,2014-04-30
"health","0eec8c8ff9911bcf7535086f53df62a5",2014-03-08,2014-03-08
"health","0ef5d39716885f5d21d4aea2605b0cc8",2014-03-31,2014-03-31
"health","0f76868f5f2a77f268dd60775dfd4f6e",2014-03-23,2014-03-23
"health","107c3d1d7028aa206c12c972e1cd31aa",2014-08-20,2014-03-12
"health","107c3d1d7028aa206c12c972e1cd31aa",2014-03-12,2014-03-12
"health","10bc839f4985aca6700861fd2bdd8df2",2014-10-10,2014-03-04
"health","10bc839f4985aca6700861fd2bdd8df2",2014-07-10,2014-03-04
"health","10bc839f4985aca6700861fd2bdd8df2",2014-03-04,2014-03-04
"health","117ed703a3561ee7e4344d0710d21c42",2014-04-05,2014-04-05
"health","11fba12e4af706317b56b2f0f2737c6f",2014-03-28,2014-03-28
"health","12153de16de550bd8a52b5b55ef7fb65",2014-03-29,2014-03-29
"health","126955d01ebabb7754cce2e13a413843",2014-03-29,2014-03-29
"health","1273091041ffe15ea5bb49894f8327db",2014-03-07,2014-03-07
"health","128db550619b62b93d6b5afd02aa35eb",2014-04-18,2014-04-18
"health","12c954e71afac26d1b2af4d5f2187895",2014-04-05,2014-04-05
"health","12caac13f2b508fcd806c4d17cafe1e9",2014-03-07,2014-03-07
"health","135730b347591c706d492bbdb86f13f0",2014-09-05,2014-03-11
"health","135730b347591c706d492bbdb86f13f0",2014-07-25,2014-03-11
"health","135730b347591c706d492bbdb86f13f0",2014-06-21,2014-03-11
"health","135730b347591c706d492bbdb86f13f0",2014-04-17,2014-03-11
"health","135730b347591c706d492bbdb86f13f0",2014-03-11,2014-03-11
"health","1366c282f1810b761267bd02d089e074",2014-03-08,2014-03-08
"health","136ba206518eaac4d40ad56a34ce9a62",2014-03-12,2014-03-12
"health","13a3d7fa93844297c3513b9d638088bc",2014-04-02,2014-04-02
"health","13a725d0d014c482137c88f1c1f311f4",2014-03-08,2014-03-08
"health","141c6641e5a296dedc3c68021c9b7033",2014-08-09,2014-03-16
"health","141c6641e5a296dedc3c68021c9b7033",2014-06-30,2014-03-16
"health","141c6641e5a296dedc3c68021c9b7033",2014-03-16,2014-03-16
"health","14d65dce91a9e6785848f5546d9330d7",2014-08-25,2014-03-18
"health","14d65dce91a9e6785848f5546d9330d7",2014-03-18,2014-03-18
"health","157e67d791d0d4b6fb8dcae5ea8f78c1",2014-04-20,2014-04-20
"health","15b7313ced82676ba3fdacb9f388c4f3",2014-04-18,2014-04-18
"health","1610294ab0b44798bf90089cc332bfea",2014-08-04,2014-04-04
"health","1610294ab0b44798bf90089cc332bfea",2014-04-04,2014-04-04
"health","16e851c55d1ccee8c41aed81cadeec52",2014-04-06,2014-04-06
"health","16f06a8db94a056686c6b2354b9c17ac",2014-05-14,2014-04-28
"health","16f06a8db94a056686c6b2354b9c17ac",2014-04-28,2014-04-28
"health","172bfdfefba66231216e2d3bfaeee0c8",2014-04-01,2014-04-01
"health","17a87a80a58591a78c7a4ab9a23f1893",2014-09-19,2014-03-14
"health","17a87a80a58591a78c7a4ab9a23f1893",2014-08-15,2014-03-14
"health","17a87a80a58591a78c7a4ab9a23f1893",2014-07-10,2014-03-14
"health","17a87a80a58591a78c7a4ab9a23f1893",2014-06-14,2014-03-14
"health","17a87a80a58591a78c7a4ab9a23f1893",2014-05-04,2014-03-14
"health","17a87a80a58591a78c7a4ab9a23f1893",2014-04-11,2014-03-14
"health","17a87a80a58591a78c7a4ab9a23f1893",2014-03-29,2014-03-14
"health","17a87a80a58591a78c7a4ab9a23f1893",2014-03-14,2014-03-14
"health","17ca8bf52235c8e79b02ee9add492292",2014-03-23,2014-03-23
"health","17d6fe0de6b069b7f193db336db06118",2014-04-01,2014-04-01
"health","180ff78371b61b4398b49e3669afc81a",2014-04-27,2014-04-27
"health","1834927160f57c0375bf13ded691c0d3",2014-04-15,2014-04-15
"health","189a28603779e514fdcbae727fafcc49",2014-04-01,2014-04-01
"health","195c14ae9b604aaa22682a440b595664",2014-03-17,2014-03-17
"health","1981bddf26e235774c426136a998a6e7",2014-07-07,2014-03-27
"health","1981bddf26e235774c426136a998a6e7",2014-03-27,2014-03-27
"health","19a638d0ad01ba16123b8893b6a6a74b",2014-04-14,2014-04-14
"health","1a17501ac92b7b0bd84a942b7b8a6b8c",2014-03-25,2014-03-25
"health","1a2be92517a0ac4aa5734c2751f89a3d",2014-04-05,2014-04-05
"health","1a4dd65ff9ed92fdb0d784c95b013fbe",2014-04-11,2014-04-11
"health","1a781099e92c936f5e08a66d2d866819",2014-04-05,2014-04-05
"health","1a7c07b92b383c7ca04e2e1626db3e76",2014-04-18,2014-04-18
"health","1b00fe79eb04e86a71790ef576cc70be",2014-09-16,2014-03-26
"health","1b00fe79eb04e86a71790ef576cc70be",2014-04-14,2014-03-26
"health","1b00fe79eb04e86a71790ef576cc70be",2014-03-26,2014-03-26
"health","1b277b3d7d84cf529c451052c3afed22",2014-04-26,2014-04-26
"health","1b3e2c37fddd1c714552ad81e1f80caa",2014-04-26,2014-04-26
"health","1bc0b630cc8e28b0cbba12912bb13b02",2014-09-09,2014-04-02
"health","1bc0b630cc8e28b0cbba12912bb13b02",2014-04-02,2014-04-02
"health","1bd534e27358ff120c8787d018d85112",2014-03-26,2014-03-26
"health","1c1d6d76b63acf1de3f444f94cdb2291",2014-06-19,2014-04-08
"health","1c1d6d76b63acf1de3f444f94cdb2291",2014-04-08,2014-04-08
"health","1c3dec0cff00c7896f4be776b9c7b532",2014-07-29,2014-03-29
"health","1c3dec0cff00c7896f4be776b9c7b532",2014-04-04,2014-03-29
"health","1c3dec0cff00c7896f4be776b9c7b532",2014-03-29,2014-03-29
"health","1c70aeb016635380a2fe6b970fb900d1",2014-04-23,2014-04-23
"health","1ceeecb1b9cc4c35e54717a00d69802b",2014-09-11,2014-04-16
"health","1ceeecb1b9cc4c35e54717a00d69802b",2014-07-31,2014-04-16
"health","1ceeecb1b9cc4c35e54717a00d69802b",2014-07-02,2014-04-16
"health","1ceeecb1b9cc4c35e54717a00d69802b",2014-04-16,2014-04-16
"health","1cfcab3016a4b4a37d13b2c9b83af698",2014-06-26,2014-04-03
"health","1cfcab3016a4b4a37d13b2c9b83af698",2014-04-03,2014-04-03
"health","1d3ea6bad6fb22ac086d5c0d0f614a65",2014-04-06,2014-04-06
"health","1d3f427dffdb34c5374807d5b82907d3",2014-03-05,2014-03-05
"health","1d52eb8f7208dbfb28fbfe72c2951ac1",2014-04-03,2014-04-03
"health","1d9377cd966321f6b28167f3d7e29af8",2014-06-08,2014-04-26
"health","1d9377cd966321f6b28167f3d7e29af8",2014-04-26,2014-04-26
"health","1dc93aee4c408c2e39b480f3e57d23eb",2014-03-15,2014-03-15
"health","1dcceb7af35cf8f4629d93dfc6aed633",2014-04-01,2014-04-01
"health","1f30acd402488dcfaa5cb9ca7b85178b",2014-05-24,2014-03-31
"health","1f30acd402488dcfaa5cb9ca7b85178b",2014-05-24,2014-03-31
"health","1f30acd402488dcfaa5cb9ca7b85178b",2014-04-30,2014-03-31
"health","1f30acd402488dcfaa5cb9ca7b85178b",2014-03-31,2014-03-31
"health","1fa4601573f3e105dbaab7dec25d8343",2014-06-26,2014-03-15
"health","1fa4601573f3e105dbaab7dec25d8343",2014-04-06,2014-03-15
"health","1fa4601573f3e105dbaab7dec25d8343",2014-03-15,2014-03-15
"health","1fa7027c272a1d35681ddfd0ad020ffa",2014-04-30,2014-04-30
"health","1fafd74514e6f0c6c0315c645b8a8dae",2014-04-15,2014-03-09
"health","1fafd74514e6f0c6c0315c645b8a8dae",2014-03-09,2014-03-09
"health","1fece25e7ce8a1b737a0c1699f3c334d",2014-03-15,2014-03-15
"health","1ffaa256f9a076e4342ac334e4f9103d",2014-04-03,2014-04-03
"health","1ffb565dbad7ada75c0aff454a586e1f",2014-09-24,2014-04-14
"health","1ffb565dbad7ada75c0aff454a586e1f",2014-04-14,2014-04-14
"health","2026a549050fb679e0f2ef10605a7cb1",2014-03-23,2014-03-23
"health","2034096a79b29b64194e81d6bb9b1d89",2014-04-28,2014-04-28
"health","20a2b810588d10ad0e200f8fb803010e",2014-07-22,2014-04-22
"health","20a2b810588d10ad0e200f8fb803010e",2014-04-22,2014-04-22
"health","20a856738df7e95eaf9e1ad8f70e7e99",2014-04-10,2014-04-10
"health","213f1f0ad63c7fd19841b1564fa42c60",2014-04-14,2014-04-14
"health","214b4d0a7d674b7b399aa55d2d3fd4d4",2014-04-07,2014-04-07
"health","2157c82aaefcaace01b0df17d1af8dbb",2014-03-19,2014-03-19
"health","217aac6642e7b5a8b09aeaeb228659c0",2014-04-22,2014-04-22
"health","21a6b9d5a9902648c2c0ad7c89f9b38f",2014-04-04,2014-04-04
"health","21a6b9d5a9902648c2c0ad7c89f9b38f",2014-04-04,2014-04-04
"health","21b0c268ec20d6273ea5dce9c8da5718",2014-04-07,2014-04-07
"health","21de20fdb22a17489f0e99dbd1e9c755",2014-04-17,2014-04-17
"health","22008d31a426c4fbc141aff04331c772",2014-09-15,2014-03-26
"health","22008d31a426c4fbc141aff04331c772",2014-03-26,2014-03-26
"health","2218cbce1b7e9bbbbb9cd3c877b46ffb",2014-04-12,2014-04-12
"health","22676dad575eda918fe7f5783eedc8fe",2014-03-27,2014-03-27
"health","2320fe5027705604c839ce6ccc9f6a55",2014-04-17,2014-04-17
"health","2354878d6f4fd7ad40c1f8a67604ab5f",2014-03-29,2014-03-29
"health","2395201a13190ad8fd4af0a3a27a5d69",2014-04-30,2014-04-02
"health","2395201a13190ad8fd4af0a3a27a5d69",2014-04-10,2014-04-02
"health","2395201a13190ad8fd4af0a3a27a5d69",2014-04-02,2014-04-02
"health","23955b8aa79338ed7571d3693605ce1b",2014-03-31,2014-03-31
"health","23af73a2ec9075e26ea8380222c5216d",2014-04-27,2014-04-27
"health","242514e7b5cfa2c87e051438b6d6c750",2014-07-02,2014-04-16
"health","242514e7b5cfa2c87e051438b6d6c750",2014-04-23,2014-04-16
"health","242514e7b5cfa2c87e051438b6d6c750",2014-04-23,2014-04-16
"health","242514e7b5cfa2c87e051438b6d6c750",2014-04-23,2014-04-16
"health","242514e7b5cfa2c87e051438b6d6c750",2014-04-16,2014-04-16
"health","246ef4b61eedf44d641c6854b3cde852",2014-03-12,2014-03-12
"health","248d0ebf57f8079dfcf5dc45a2032441",2014-04-25,2014-04-25
"health","24b8d0a6118a5358c76450b2e41464ef",2014-04-09,2014-04-09
"health","2521f4cd90fe8b1efb44f31788954a0b",2014-08-23,2014-04-30
"health","2521f4cd90fe8b1efb44f31788954a0b",2014-04-30,2014-04-30
"health","2591cfd1ce75d27e17790a048d765a84",2014-04-14,2014-04-14
"health","2595f54e722247b0b80b5a3c60ec4707",2014-04-23,2014-04-23
"health","25ac1c56de4215d0a5b1504b84e9920d",2014-03-20,2014-03-20
"health","261bcaf5cf1442682ceebe67ff468a2a",2014-03-28,2014-03-28
"health","26a6752f855421e32cdd7c0b24adf329",2014-04-22,2014-04-22
"health","26b2d95d7a807e2a8530b3c90c0fbd08",2014-03-10,2014-03-10
"health","26f12bd0fffd0da6507b1936bbeba2cb",2014-03-17,2014-03-17
"health","271fde7cbfd74036d9cbbbc280b32a36",2014-03-20,2014-03-20
"health","2792391ab24d9202e32407801bca3ee6",2014-03-30,2014-03-30
"health","27a40e903320c897729fc3bde985fab1",2014-03-15,2014-03-15
"health","27b684d62a1d9e92241c13ee87c9bd80",2014-04-17,2014-04-17
"health","27e6ec02c9c56b62828a89508e7016c1",2014-09-03,2014-04-17
"health","27e6ec02c9c56b62828a89508e7016c1",2014-04-17,2014-04-17
"health","280192aaa51cb078cfed15ba7597fefc",2014-04-23,2014-04-23
"health","2819c74819cad627d8ec179d4e54a99d",2014-04-07,2014-04-07
"health","28220ad42e454d66bd494789126b7cdd",2014-03-19,2014-03-19
"health","28a2f87ccafaf80174b3c6028d4716ca",2014-05-08,2014-03-21
"health","28a2f87ccafaf80174b3c6028d4716ca",2014-03-21,2014-03-21
"health","28af4b67d1a96db3d6593e4e1e5ef033",2014-04-19,2014-04-19
"health","28d38e883c254d265c220c2bdeb76327",2014-04-02,2014-04-02
"health","292a7e3e963c5d7166df51915383f188",2014-04-07,2014-04-07
"health","29966fb4b246da67fa3777b3ea0c6850",2014-03-30,2014-03-30
"health","29dbfc23d2543ef8454bcbaed5a33427",2014-04-25,2014-04-25
"health","2a44bff69ad2d1fedb25e3bb6567a842",2014-04-22,2014-04-22
"health","2a78a5a647234d8210bad9dc0a0b81fd",2014-04-10,2014-04-10
"health","2a98a3d04ad2d6ec77b0bf987a7f3d63",2014-04-20,2014-04-20
"health","2ab308812174d64d3f873d23d0fa8e17",2014-09-10,2014-04-24
"health","2ab308812174d64d3f873d23d0fa8e17",2014-07-02,2014-04-24
"health","2ab308812174d64d3f873d23d0fa8e17",2014-04-24,2014-04-24
"health","2ae98b936c00494d466f953f0d91e603",2014-03-08,2014-03-08
"health","2b18f7dc81670493a097fb2a0ff1c253",2014-04-09,2014-04-09
"health","2b29d8ce275d6015268b9258f43ca058",2014-04-11,2014-04-11
"health","2b5f86a45ff42b4efe3d03034d161fbf",2014-03-06,2014-03-06
"health","2b85023c9afbcdcdf046f840796a561c",2014-10-18,2014-03-27
"health","2b85023c9afbcdcdf046f840796a561c",2014-07-09,2014-03-27
"health","2b85023c9afbcdcdf046f840796a561c",2014-06-05,2014-03-27
"health","2b85023c9afbcdcdf046f840796a561c",2014-05-16,2014-03-27
"health","2b85023c9afbcdcdf046f840796a561c",2014-04-15,2014-03-27
"health","2b85023c9afbcdcdf046f840796a561c",2014-03-27,2014-03-27
"health","2b96e08ee0c8de0bd426b5daf3e747f9",2014-10-05,2014-04-06
"health","2b96e08ee0c8de0bd426b5daf3e747f9",2014-04-06,2014-04-06
"health","2b98a6a6e303355e164a534c5d93d210",2014-04-15,2014-04-15
"health","2c112947d78738edd030f57ca0a02cc5",2014-04-10,2014-04-10
"health","2c974538b4ce793d94ec0adde859f02c",2014-06-28,2014-04-15
"health","2c974538b4ce793d94ec0adde859f02c",2014-04-15,2014-04-15
"health","2cd1eeb3203e55eb135c89d9b4c1b77e",2014-08-05,2014-04-30
"health","2cd1eeb3203e55eb135c89d9b4c1b77e",2014-04-30,2014-04-30
"health","2cd5ea22b3c96623c7e7367b79f36363",2014-04-14,2014-04-07
"health","2cd5ea22b3c96623c7e7367b79f36363",2014-04-07,2014-04-07
"health","2ce15552580b8a313afcd366229364d1",2014-04-15,2014-04-15
"health","2dc5a05b30d754590bde2a5079bf05fa",2014-04-13,2014-04-13
"health","2ea6d51bf594e9222bbd97fb07d9344c",2014-03-07,2014-03-07
"health","2f2ac36107292807e21c32e2e16ddddd",2014-05-06,2014-03-28
"health","2f2ac36107292807e21c32e2e16ddddd",2014-03-28,2014-03-28
"health","2f6230a8d113e4a1ea1e045b6434b78c",2014-03-15,2014-03-15
"health","3043e49461b3b24892504d52665176e3",2014-07-23,2014-03-20
"health","3043e49461b3b24892504d52665176e3",2014-03-20,2014-03-20
"health","305c58c536f60ff6296e0e0be810efc4",2014-03-27,2014-03-27
"health","306bd98138bb407ebb837dccb565931b",2014-03-15,2014-03-15
"health","30d821185910f3b0586e1b4b8191763a",2014-03-25,2014-03-25
"health","310b3a93a8856e6b2cdbf82ef5697cff",2014-03-28,2014-03-28
"health","316bfa460f9eac626f43026168ac6ead",2014-04-22,2014-04-22
"health","31c38d83872a0f29ff14ee77844fa9aa",2014-04-02,2014-04-02
"health","3235e76f43ffb0122845067cbb3a08ed",2014-03-09,2014-03-09
"health","326ce183a978ba82bd66751436a867f2",2014-04-11,2014-03-25
"health","326ce183a978ba82bd66751436a867f2",2014-03-25,2014-03-25
"health","32c85b3c9056cc3d8b1f933c581157de",2014-04-14,2014-04-14
"health","336370ad0ac2a225edd657bbff0304b7",2014-04-17,2014-04-17
"health","3371f5522850a0ed27044bed1fb7cce8",2014-03-30,2014-03-30
"health","338df97db039ae79f5d73ff631f0542d",2014-03-20,2014-03-20
"health","338f2f6e3f06119c57692582a8981c9d",2014-04-29,2014-04-29
"health","33ce162334eb4723711f08d6dd82c9ae",2014-03-09,2014-03-09
"health","33d7a3ba5ada03b5c8d2ebb012094f30",2014-05-22,2014-04-02
"health","33d7a3ba5ada03b5c8d2ebb012094f30",2014-04-02,2014-04-02
"health","33e5eec71378a3de2cbcd82004542c8f",2014-04-05,2014-04-05
"health","33eebe23a564e8e29c3fc30ae03d43c9",2014-03-04,2014-03-04
"health","3409ac7cb322adcc628067e6bf62748a",2014-04-28,2014-04-28
"health","341457815675de1444f665cf4ef842f5",2014-04-05,2014-04-05
"health","342d84632710fc99ff7793bd5f31493d",2014-04-16,2014-04-16
"health","34aef0cbd5b2375fb35078b3b3cec45b",2014-08-30,2014-04-10
"health","34aef0cbd5b2375fb35078b3b3cec45b",2014-04-10,2014-04-10
"health","34d59a3050acff672e6c92bb4edc54b9",2014-04-02,2014-04-02
"health","34dab0c3c3157a8a0841ca9a25486823",2014-04-12,2014-04-12
"health","3568ddb81ecf44281ff637cb7065d189",2014-04-16,2014-04-16
"health","358b62c6d47915e6fdd9712d91de7426",2014-04-30,2014-04-30
"health","36255ab6de355ed0b3cd20ba5638b491",2014-04-30,2014-04-30
"health","36670705e45944ed1893e973355fb962",2014-03-15,2014-03-15
"health","367530cdac3a73b62c372dd33a206e64",2014-04-25,2014-04-25
"health","3690d8aa1d377410623969aef8bf11a7",2014-04-29,2014-04-29
"health","36e55762d5f0a32e2716bd487bc3265d",2014-04-18,2014-04-18
"health","37077f5a48bc521404283c038959317a",2014-04-07,2014-04-07
"health","37465b0abf20e30cd945f33f6cf3a0b6",2014-04-01,2014-04-01
"health","37abba1e26a27ea8adc74a9ba6a096c9",2014-03-31,2014-03-31
"health","37b4bc6cfeaa1bb2e125a58275942751",2014-06-12,2014-03-21
"health","37b4bc6cfeaa1bb2e125a58275942751",2014-03-21,2014-03-21
"health","37ba8e8d23416de6de6521a40a736985",2014-03-28,2014-03-28
"health","384002b3606fe995fdd15819c692c5f9",2014-03-07,2014-03-07
"health","384817d9e9dcf2ed3b5120182c3eb5fd",2014-07-01,2014-04-15
"health","384817d9e9dcf2ed3b5120182c3eb5fd",2014-04-15,2014-04-15
"health","3887fb549363361bb84873e6da181f93",2014-05-02,2014-04-24
"health","3887fb549363361bb84873e6da181f93",2014-04-24,2014-04-24
"health","3959c763f52cefd2f60e4eda8e7f8f4a",2014-05-13,2014-03-18
"health","3959c763f52cefd2f60e4eda8e7f8f4a",2014-03-18,2014-03-18
"health","396013f78321a9836015e5e80760f4ba",2014-04-20,2014-04-20
"health","39968755bed177e97553d02b66847eb0",2014-04-06,2014-04-06
"health","3a116b07fe12345fee4d8ca9a29bbfb7",2014-03-28,2014-03-28
"health","3a116b07fe12345fee4d8ca9a29bbfb7",2014-03-28,2014-03-28
"health","3a1bde8c9483dec606e0b01372890914",2014-05-12,2014-04-06
"health","3a1bde8c9483dec606e0b01372890914",2014-04-06,2014-04-06
"health","3a3fa9b555dcd31404e5cc596dfcce25",2014-08-15,2014-03-04
"health","3a3fa9b555dcd31404e5cc596dfcce25",2014-07-14,2014-03-04
"health","3a3fa9b555dcd31404e5cc596dfcce25",2014-07-05,2014-03-04
"health","3a3fa9b555dcd31404e5cc596dfcce25",2014-05-30,2014-03-04
"health","3a3fa9b555dcd31404e5cc596dfcce25",2014-03-04,2014-03-04
"health","3a810054c2c78e9394e9e33b59acf4b0",2014-03-19,2014-03-19
"health","3ab0cd9c95649bb26cfc2863aaeebac8",2014-05-02,2014-03-18
"health","3ab0cd9c95649bb26cfc2863aaeebac8",2014-03-18,2014-03-18
"health","3b0d599bb52a267770e64394d0f68705",2014-10-23,2014-03-16
"health","3b0d599bb52a267770e64394d0f68705",2014-08-06,2014-03-16
"health","3b0d599bb52a267770e64394d0f68705",2014-03-16,2014-03-16
"health","3b529e870b881a47999ed7f3f8d3330f",2014-10-15,2014-04-05
"health","3b529e870b881a47999ed7f3f8d3330f",2014-09-21,2014-04-05
"health","3b529e870b881a47999ed7f3f8d3330f",2014-06-08,2014-04-05
"health","3b529e870b881a47999ed7f3f8d3330f",2014-05-02,2014-04-05
"health","3b529e870b881a47999ed7f3f8d3330f",2014-04-14,2014-04-05
"health","3b529e870b881a47999ed7f3f8d3330f",2014-04-05,2014-04-05
"health","3b7fb91dde067450e72fd7760d93954a",2014-03-27,2014-03-27
"health","3b882e40ef135ea4cc15ab6c3a950616",2014-03-08,2014-03-08
"health","3bdd052bbfa16bb9728e4387d23cb350",2014-04-13,2014-04-13
"health","3bfc4dabee98afa4aa55c017787c319d",2014-09-03,2014-04-12
"health","3bfc4dabee98afa4aa55c017787c319d",2014-04-12,2014-04-12
"health","3da11a59d4598a9fec849aa41adf8c0e",2014-08-14,2014-03-22
"health","3da11a59d4598a9fec849aa41adf8c0e",2014-06-02,2014-03-22
"health","3da11a59d4598a9fec849aa41adf8c0e",2014-03-22,2014-03-22
"health","3dcbd120c9b0580c253baae42990b10b",2014-04-03,2014-04-03
"health","3ddbc710325d0bc1e0d91d3df36304d9",2014-04-04,2014-04-04
"health","3ee3101fc4d7a22c9eb5c3a01f4179db",2014-03-09,2014-03-09
"health","3eef5b35a6661c196e885302f9847c1f",2014-05-30,2014-04-14
"health","3eef5b35a6661c196e885302f9847c1f",2014-04-14,2014-04-14
"health","3f1faf712e859e955c86aae892c63bc6",2014-04-01,2014-04-01
"health","3f486394a7401edfe0d45db8b05ffe2a",2014-04-01,2014-04-01
"health","3f4de26d9250d27e1cb7e44c6e81d0ab",2014-03-30,2014-03-30
"health","3f5eeaa61da5b19e8198222b0096022f",2014-10-23,2014-03-20
"health","3f5eeaa61da5b19e8198222b0096022f",2014-03-20,2014-03-20
"health","4047ff744153a09c765830905d759767",2014-03-09,2014-03-09
"health","4064506fc631b470b9e2104c60f13afe",2014-04-30,2014-03-20
"health","4064506fc631b470b9e2104c60f13afe",2014-03-20,2014-03-20
"health","4099c3bb5884c52a25b1fdfed1e0565c",2014-04-10,2014-04-10
"health","4109fe5c870eb45eef11fb9461df3ec6",2014-04-24,2014-04-24
"health","411bf773beedc21120cb4474c9c915e6",2014-09-07,2014-03-28
"health","411bf773beedc21120cb4474c9c915e6",2014-07-28,2014-03-28
"health","411bf773beedc21120cb4474c9c915e6",2014-06-21,2014-03-28
"health","411bf773beedc21120cb4474c9c915e6",2014-05-07,2014-03-28
"health","411bf773beedc21120cb4474c9c915e6",2014-04-29,2014-03-28
"health","411bf773beedc21120cb4474c9c915e6",2014-03-28,2014-03-28
"health","41288b984062e0b0a7d2cf63408fa004",2014-10-28,2014-04-19
"health","41288b984062e0b0a7d2cf63408fa004",2014-05-01,2014-04-19
"health","41288b984062e0b0a7d2cf63408fa004",2014-04-30,2014-04-19
"health","41288b984062e0b0a7d2cf63408fa004",2014-04-19,2014-04-19
"health","413006636271437c1563fea87ac812f9",2014-03-13,2014-03-13
"health","416166cbd87ecad8ee0946c1032977f0",2014-04-14,2014-04-14
"health","419ee4bce239182d577ff39229a7b483",2014-03-11,2014-03-11
"health","4297530ba7de1f4bcd0e2d5cb2f444ed",2014-04-21,2014-04-21
"health","42f9c24fddc54045eed2804ac96d2850",2014-03-05,2014-03-05
"health","435bdc9ee9bf9db65972b310a9230fb8",2014-06-29,2014-03-04
"health","435bdc9ee9bf9db65972b310a9230fb8",2014-05-13,2014-03-04
"health","435bdc9ee9bf9db65972b310a9230fb8",2014-04-14,2014-03-04
"health","435bdc9ee9bf9db65972b310a9230fb8",2014-03-04,2014-03-04
"health","43c2322b0b824c54c102c20c6c02038c",2014-04-19,2014-04-19
"health","44fec55f0eda7b2797aa3c18be11e516",2014-04-16,2014-04-16
"health","4525b421c45719dc43f9b5226dfeca49",2014-05-06,2014-04-28
"health","4525b421c45719dc43f9b5226dfeca49",2014-04-28,2014-04-28
"health","453e7e5c281157a038f1aa7f768f90d7",2014-09-26,2014-03-26
"health","453e7e5c281157a038f1aa7f768f90d7",2014-07-10,2014-03-26
"health","453e7e5c281157a038f1aa7f768f90d7",2014-04-23,2014-03-26
"health","453e7e5c281157a038f1aa7f768f90d7",2014-03-26,2014-03-26
"health","45d4289c99c5ec8666cbfdc80c976556",2014-04-25,2014-04-25
"health","46176ed468b50c29283dc900645e1c27",2014-04-05,2014-04-05
"health","4621c1aca6428075ae2995c8f4953fe9",2014-09-18,2014-04-23
"health","4621c1aca6428075ae2995c8f4953fe9",2014-07-10,2014-04-23
"health","4621c1aca6428075ae2995c8f4953fe9",2014-04-30,2014-04-23
"health","4621c1aca6428075ae2995c8f4953fe9",2014-04-23,2014-04-23
"health","46247f7a7acedb73b903390b0c67a411",2014-04-15,2014-04-15
"health","466f00481d693bf50ad5ab0f6149e29a",2014-03-04,2014-03-04
"health","470a9baeabe9b9791e839084ab0f752e",2014-03-05,2014-03-05
"health","4717d7141bc2e448a3dd42cbc0ddb405",2014-04-09,2014-04-09
"health","477e338610ec79900898e97f3ed28af5",2014-04-06,2014-04-06
"health","483935eff713bedab574e0ae13a37f5b",2014-04-10,2014-04-10
"health","485c870cce690bea44290aed705da554",2014-04-14,2014-04-14
"health","485e9e21c8500bb8ce18a601bab5a622",2014-04-10,2014-04-10
"health","4879ade1a98de04601618f325f3052b0",2014-04-22,2014-04-22
"health","489d634e4ad5d7e08029b4c427669986",2014-04-22,2014-04-22
"health","48d01dad9d90f61e0c8b8127b9ec094d",2014-04-08,2014-04-08
"health","48d105fac153be6eb1febff5ae1b24da",2014-04-03,2014-04-03
"health","490dc26e35106096c7e44b62d73ff42a",2014-04-20,2014-04-20
"health","494f282118ced68734265a9b87712f99",2014-05-08,2014-03-16
"health","494f282118ced68734265a9b87712f99",2014-03-16,2014-03-16
"health","496638f84e2f8011f7777f3015b752e4",2014-04-16,2014-04-16
"health","4a052174179e3e6e37be50023412d875",2014-03-20,2014-03-20
"health","4a09049fb276c37eb404105a47683f7d",2014-04-16,2014-04-16
"health","4a215fd40c3f582b8f6ad5dff6fe0f56",2014-04-04,2014-03-31
"health","4a215fd40c3f582b8f6ad5dff6fe0f56",2014-03-31,2014-03-31
"health","4a78c258ba0be3c92ad9b1e4b9d0eada",2014-04-10,2014-04-10
"health","4ac7f69360a7ccbd00e7f2cdf0eb2085",2014-03-23,2014-03-23
"health","4b5e611ffc4396a29246cb0142c96e74",2014-04-04,2014-04-04
"health","4b7cfdaf123e0a85cd1867ef61a7f58a",2014-04-21,2014-04-21
"health","4b99ff8d430a41b2bc726a7e7d73f6d9",2014-03-23,2014-03-23
"health","4bd28baf526a82f40579fe1118a56e22",2014-05-17,2014-03-27
"health","4bd28baf526a82f40579fe1118a56e22",2014-03-27,2014-03-27
"health","4c59d0a446970fc9f1abace2c815b1d2",2014-03-30,2014-03-30
"health","4c6eb4e60f114d94b6662762d1d3530c",2014-10-20,2014-03-25
"health","4c6eb4e60f114d94b6662762d1d3530c",2014-08-11,2014-03-25
"health","4c6eb4e60f114d94b6662762d1d3530c",2014-05-19,2014-03-25
"health","4c6eb4e60f114d94b6662762d1d3530c",2014-03-25,2014-03-25
"health","4c769b3014fb62883766042558391411",2014-03-30,2014-03-30
"health","4d0bcedb37965e9c8f00ff91db4ae074",2014-04-13,2014-04-13
"health","4d1387d31895ac39858e1f48be4d7dae",2014-06-14,2014-03-30
"health","4d1387d31895ac39858e1f48be4d7dae",2014-03-30,2014-03-30
"health","4d41cd9505267f8364621fae5ee1f376",2014-04-20,2014-04-20
"health","4d7ae65a9d8db65a375e554dbc50fdc3",2014-04-27,2014-04-27
"health","4dcd39ef13bb75fce6d6b8214a18fd31",2014-10-01,2014-04-18
"health","4dcd39ef13bb75fce6d6b8214a18fd31",2014-07-26,2014-04-18
"health","4dcd39ef13bb75fce6d6b8214a18fd31",2014-06-01,2014-04-18
"health","4dcd39ef13bb75fce6d6b8214a18fd31",2014-04-18,2014-04-18
"health","4de510c7e58c5d6e50d5eb9316bbae0e",2014-03-20,2014-03-20
"health","4e2eee4aefc1b9a7618ed9120dcb7789",2014-03-31,2014-03-31
"health","4ec64382f164c56dd9ac96750eabcbc4",2014-04-15,2014-04-15
"health","4ee834e23149fc179ed3e5c11178a6ee",2014-03-12,2014-03-12
"health","4f390c84b66ae1fc2eec2cc73119541e",2014-03-07,2014-03-07
"health","4f476fa69f59a53bd5f3670e50b07829",2014-03-10,2014-03-10
"health","4f74087a80b52ace9356c3b55ed7e072",2014-03-27,2014-03-27
"health","4f7cee439d9df3ff0512f01b297848ec",2014-03-26,2014-03-26
"health","4fb3e46520e668640b5dbbc4e0b25c0b",2014-04-28,2014-04-28
"health","4fc8da02f33112729659d1a895b47c97",2014-04-22,2014-04-22
"health","4fdffd293deed7ea55394c6bd8c200de",2014-04-18,2014-04-18
"health","50477132baab65dad94f1a53f7a79c3e",2014-04-21,2014-04-21
"health","50fc7a425f3e003ec80ff572ba90919c",2014-04-03,2014-04-03
"health","50fff4b6d13113784b3a57f2a2611923",2014-03-26,2014-03-26
"health","51b8f06ca1324d9e15fe685bf0119c5c",2014-03-22,2014-03-22
"health","525b5f45accc7738f639a195479de603",2014-04-13,2014-04-13
"health","5284596e7dad669dcfad3aeb3ebe2b68",2014-03-19,2014-03-19
"health","531985e8741529fa805dc6f7058cfa6a",2014-03-06,2014-03-06
"health","53a8c4c19997c74dc08f3431b9206f07",2014-04-07,2014-04-07
"health","53cd7004355b22932efdb986ab98c985",2014-03-20,2014-03-20
"health","5415d759b1bcb86a1c318bf28fb4cbfc",2014-04-13,2014-04-13
"health","546972550eecbb1a17f69946b3dd0f76",2014-03-23,2014-03-23
"health","54b33c3b45ad7c98eb0598f7e775beca",2014-07-10,2014-04-04
"health","54b33c3b45ad7c98eb0598f7e775beca",2014-04-04,2014-04-04
"health","55147c722f4de2cc9459619dbdc5e0d7",2014-03-22,2014-03-22
"health","551f250eb1a357c45e2ba43490ed5de1",2014-03-09,2014-03-09
"health","557ae38a29a857bf42bc49792a57d8bb",2014-04-30,2014-04-30
"health","55806ec8a158f291296e527209b16284",2014-03-25,2014-03-21
"health","55806ec8a158f291296e527209b16284",2014-03-21,2014-03-21
"health","55b9d948b508c92d20e81876c7ce7a29",2014-04-22,2014-04-22
"health","55dcc53825a2101169a32d16e5976094",2014-03-26,2014-03-26
"health","560eb4f6231ebcae3699017bca3d5e07",2014-03-21,2014-03-21
"health","561d91a44dce3428e0213c5fccd9ce82",2014-03-07,2014-03-07
"health","562dca33e58c6531d0aa3139801a0a7c",2014-04-29,2014-04-22
"health","562dca33e58c6531d0aa3139801a0a7c",2014-04-22,2014-04-22
"health","56446710d6506e97ec6a4b260be44a3f",2014-03-10,2014-03-10
"health","56d93b5c5f42d48d93861dec4dab4744",2014-04-24,2014-04-24
"health","577720342ab6022c921557545401ff32",2014-03-07,2014-03-07
"health","577f28d4fb49378e54e408e805b5b8e8",2014-03-06,2014-03-06
"health","57cd82bfd599f46ba2a182c4431aa6c3",2014-08-29,2014-04-30
"health","57cd82bfd599f46ba2a182c4431aa6c3",2014-07-10,2014-04-30
"health","57cd82bfd599f46ba2a182c4431aa6c3",2014-06-29,2014-04-30
"health","57cd82bfd599f46ba2a182c4431aa6c3",2014-04-30,2014-04-30
"health","57ed779c1f09a9e6ffe72c5d32685929",2014-09-17,2014-04-02
"health","57ed779c1f09a9e6ffe72c5d32685929",2014-04-22,2014-04-02
"health","57ed779c1f09a9e6ffe72c5d32685929",2014-04-02,2014-04-02
"health","5823af49e463b29bfb179ce0de8d52b2",2014-04-01,2014-04-01
"health","588deee6b31d07f4af4c24131bd9b0a6",2014-03-31,2014-03-31
"health","58d741cddd08c4202fcc8d9c01d493f2",2014-03-09,2014-03-09
"health","58db3c86168b57087b3910421ea0b1a3",2014-03-04,2014-03-04
"health","59518194cf759d6862f1f20606ccba3a",2014-09-18,2014-03-04
"health","59518194cf759d6862f1f20606ccba3a",2014-07-03,2014-03-04
"health","59518194cf759d6862f1f20606ccba3a",2014-05-21,2014-03-04
"health","59518194cf759d6862f1f20606ccba3a",2014-03-04,2014-03-04
"health","59f939906eeb9e4b2711c618e736605e",2014-03-29,2014-03-29
"health","5a76aa0958764c0acd7d943a0a9cd821",2014-04-25,2014-04-25
"health","5ab8e19d7dda81f14866fc768d38a057",2014-04-30,2014-04-30
"health","5b1edceff5026c6d40da294fff5364a7",2014-03-29,2014-03-29
"health","5b84cd80088d363a542da04dd6c70b60",2014-04-21,2014-04-13
"health","5b84cd80088d363a542da04dd6c70b60",2014-04-13,2014-04-13
"health","5b9e2be8b8366eade7112479bf5cb57c",2014-04-02,2014-04-02
"health","5c056cdabeaaa2848896dafba003c6f8",2014-04-03,2014-04-03
"health","5c6bbad22bf7fc0145e3d0a1998f21a0",2014-03-22,2014-03-22
"health","5cab212dd6b07a90b2a0de100b42aa49",2014-04-08,2014-04-08
"health","5cc4f276354e5fdd31e65ed770d7b207",2014-04-30,2014-04-30
"health","5d706beae5d5dab8673d5df3668abadb",2014-04-18,2014-04-18
"health","5d80e3ae5d8a0d43c7e50dc1ea2bd456",2014-03-26,2014-03-26
"health","5d8b03f9251bba675e923ec1612f2264",2014-03-17,2014-03-17
"health","5db81e7defbcd076fdf0381413af2c06",2014-03-07,2014-03-07
"health","5dc50a9d0dce3eb343580ada1f7d5602",2014-06-09,2014-04-18
"health","5dc50a9d0dce3eb343580ada1f7d5602",2014-04-18,2014-04-18
"health","5ea18446808f1ea2b10d2dd3e7eae003",2014-03-20,2014-03-20
"health","5ecb219b445225de1482b89c99d941c4",2014-04-30,2014-03-21
"health","5ecb219b445225de1482b89c99d941c4",2014-03-21,2014-03-21
"health","5f1df17f509c44feeb0c4f9b470910bb",2014-04-17,2014-04-17
"health","5f7c4d2880fc23836145a222291d05c0",2014-08-20,2014-04-22
"health","5f7c4d2880fc23836145a222291d05c0",2014-07-18,2014-04-22
"health","5f7c4d2880fc23836145a222291d05c0",2014-05-19,2014-04-22
"health","5f7c4d2880fc23836145a222291d05c0",2014-04-22,2014-04-22
"health","5f8a8ec3a46543f0e135c75482fbd372",2014-04-30,2014-04-30
"health","5f926fd02b3f7482189d1ff31ec46d63",2014-03-31,2014-03-31
"health","600996c779b36d7c65fb0024f63211a0",2014-04-02,2014-04-02
"health","605e2345663bc5f6d4203adf051721b7",2014-04-27,2014-04-27
"health","6168847a7a2312066e99a631a54fcfdb",2014-04-13,2014-04-13
"health","61ed2ff6e2552259558c6d1667815662",2014-08-05,2014-04-25
"health","61ed2ff6e2552259558c6d1667815662",2014-04-25,2014-04-25
"health","628651bf5cb905e0c630325a2ba2420b",2014-08-05,2014-04-17
"health","628651bf5cb905e0c630325a2ba2420b",2014-07-29,2014-04-17
"health","628651bf5cb905e0c630325a2ba2420b",2014-04-25,2014-04-17
"health","628651bf5cb905e0c630325a2ba2420b",2014-04-17,2014-04-17
"health","629dff106301be586c46e091ac8262a8",2014-07-12,2014-04-28
"health","629dff106301be586c46e091ac8262a8",2014-04-28,2014-04-28
"health","62a433e49eb978352021c40c0562cb90",2014-04-27,2014-04-27
"health","62b786fbd6df37e567e9fab432b05b61",2014-04-03,2014-04-03
"health","63a8535ac25382b0c898b198381edc34",2014-03-09,2014-03-09
"health","63b8d1dc0be396484f71401e5f2f1c5b",2014-03-13,2014-03-13
"health","63b95fedb8985333f5567ddb0de252f5",2014-04-22,2014-04-22
"health","63f04cc0d7e2778c5e9df471ae264d3c",2014-03-28,2014-03-09
"health","63f04cc0d7e2778c5e9df471ae264d3c",2014-03-09,2014-03-09
"health","63fa0ea9bfcdc45b070503432adfdf6b",2014-04-10,2014-04-10
"health","646fd16ce3f72820ea3b7723d0306fc9",2014-04-10,2014-04-10
"health","6494f0b928f9ecf136b9ebb7feacc704",2014-04-25,2014-04-25
"health","65339e3fda8d8a6803e0420c80343f3b",2014-03-16,2014-03-16
"health","65b71be141059574f24c76d71dd9ce04",2014-08-15,2014-04-01
"health","65b71be141059574f24c76d71dd9ce04",2014-07-07,2014-04-01
"health","65b71be141059574f24c76d71dd9ce04",2014-04-01,2014-04-01
"health","664dbfe3b9ac899b23aebe2285bcce67",2014-04-05,2014-04-05
"health","6662903acf9fbbc67d54a0b15ccc7f0c",2014-04-22,2014-04-22
"health","6673d3b8561564f0835d4f4182dd2e38",2014-04-23,2014-04-23
"health","667e348527d70c91b0cbe13f63a54727",2014-04-27,2014-04-27
"health","66afc326334e2066b5d4d6101cb50193",2014-03-26,2014-03-26
"health","66b2f81e518d3a787e37e2d7482db28f",2014-03-10,2014-03-10
"health","6724c37edb0632ea962053d624063725",2014-03-07,2014-03-07
"health","6751529156085fd7887e23d2ea541865",2014-03-13,2014-03-13
"health","675a1fe165ddd1180a822f17514a1d3b",2014-04-25,2014-04-25
"health","6760f42b84141ccbfe02080d89cbd82c",2014-04-19,2014-04-19
"health","6761910af00244a09e824bdc7c52ff57",2014-04-04,2014-04-04
"health","6796a34e475adb05ca5286f85762c22a",2014-04-02,2014-04-02
"health","67bc612541b5cef96e7d2d7ce6f01e46",2014-04-03,2014-04-03
"health","6864bab8f117d874b53f32010620bb2d",2014-04-02,2014-04-02
"health","69299677af66f53f59bf1f6f962b1daa",2014-03-21,2014-03-21
"health","69eb5f166a4cb20b4a97809c1792c875",2014-04-21,2014-04-21
"health","6a91ecb6b48119e075f260a300d52b9e",2014-04-30,2014-04-30
"health","6aa50529592257b2a9641e642d8320ba",2014-09-22,2014-04-09
"health","6aa50529592257b2a9641e642d8320ba",2014-08-13,2014-04-09
"health","6aa50529592257b2a9641e642d8320ba",2014-04-09,2014-04-09
"health","6aa6810c109f4f56c16e9fd961170248",2014-06-28,2014-04-11
"health","6aa6810c109f4f56c16e9fd961170248",2014-04-11,2014-04-11
"health","6ac8dcb14fe4624a451caa639e1b1c05",2014-04-11,2014-04-11
"health","6ad5b1da75a47b3007ddc1171e8b0dea",2014-04-19,2014-04-19
"health","6aeb4fa1e90d424b04fbb8a99eb1fc22",2014-04-07,2014-04-07
"health","6b73c158fffbf6d390a45f9024ed6cde",2014-04-20,2014-04-20
"health","6bea1e93c3183aacb005ed1a240ef13a",2014-04-02,2014-04-02
"health","6c8449e2ecea19efd15745a675461214",2014-04-12,2014-04-12
"health","6cc19656d948d3d59e7b9c57acc436ef",2014-04-26,2014-04-26
"health","6d6220e985274e42e1395902bab8e2ed",2014-03-05,2014-03-05
"health","6dd765079a4db0e7a03e976a7bdfe4aa",2014-04-10,2014-04-10
"health","6e7003caff2b865a381b97f3e71afa4d",2014-04-29,2014-04-29
"health","6ea181c3e0425536793b0572eb070b1d",2014-03-30,2014-03-30
"health","6f03247daa92b362e6b28f6ed0785c5c",2014-04-02,2014-04-02
"health","6f9e0c6a10d4c0cbd123cc8796259ccb",2014-03-22,2014-03-22
"health","6fa3ef1b1a5e73ae981b84b4cf082518",2014-08-17,2014-03-26
"health","6fa3ef1b1a5e73ae981b84b4cf082518",2014-07-22,2014-03-26
"health","6fa3ef1b1a5e73ae981b84b4cf082518",2014-07-15,2014-03-26
"health","6fa3ef1b1a5e73ae981b84b4cf082518",2014-05-21,2014-03-26
"health","6fa3ef1b1a5e73ae981b84b4cf082518",2014-04-11,2014-03-26
"health","6fa3ef1b1a5e73ae981b84b4cf082518",2014-03-26,2014-03-26
"health","71315a52a6fd7bc49eadf7a26d153e3b",2014-04-30,2014-04-30
"health","714f6adde3d82e1539edba513d68a06f",2014-10-02,2014-03-19
"health","714f6adde3d82e1539edba513d68a06f",2014-03-19,2014-03-19
"health","7170eacf3cb88f16c6274d7ebc279f0f",2014-04-10,2014-04-10
"health","717840b488d8b55046ce9b5872cfd8b0",2014-04-25,2014-04-25
"health","71b98f21e8b09b26302344a802140085",2014-04-07,2014-03-28
"health","71b98f21e8b09b26302344a802140085",2014-03-28,2014-03-28
"health","71d293aa46b87cca8187f3a3e0c57c19",2014-03-05,2014-03-05
"health","71ddf8ab0308ba7c6e6f0ea4104724c0",2014-03-11,2014-03-11
"health","71f3759f4a41d0630c8da7253f74dde8",2014-07-15,2014-03-11
"health","71f3759f4a41d0630c8da7253f74dde8",2014-05-19,2014-03-11
"health","71f3759f4a41d0630c8da7253f74dde8",2014-03-11,2014-03-11
"health","7273acbf0bc6a14e1aa5766fb225a35b",2014-04-25,2014-04-25
"health","72745b8d03a7d76f6f12c44d9165e26b",2014-03-05,2014-03-05
"health","727f4f3fe2c0c1aaeb4721d5d5214c29",2014-04-19,2014-04-19
"health","72cb9079a9691e66d93a36a0e87e13b1",2014-04-25,2014-04-25
"health","72d579e55aead359158d90655720b562",2014-04-01,2014-04-01
"health","72ea368174097b914aaa7fe662265967",2014-04-16,2014-04-16
"health","72f05f32666afa1a2c5d4ada4eb48038",2014-04-26,2014-04-26
"health","7311edc1facacc121aef25a989679820",2014-03-28,2014-03-28
"health","7313f9a073f5290268fce0f65946e1b5",2014-03-20,2014-03-20
"health","7325be5f035085b12780040b1728009d",2014-04-14,2014-04-14
"health","7335412a6f99af409c7047d670e8e466",2014-03-08,2014-03-08
"health","734f382c195856599582cc9671c2e2de",2014-04-22,2014-04-22
"health","736616c39cad857b71a1a9fa9e5521d7",2014-03-26,2014-03-26
"health","739823e08368b22b3431b271d3c3e0fb",2014-04-06,2014-04-06
"health","73982fbc328fc2c60d3d7d5dac82bea6",2014-03-24,2014-03-24
"health","73ec0cabe42b56f269ba83b6a45481bc",2014-09-07,2014-04-26
"health","73ec0cabe42b56f269ba83b6a45481bc",2014-04-26,2014-04-26
"health","73f12f03a6bdd07d6b8ff292ce951023",2014-04-15,2014-04-15
"health","74093cd56e3f2e3354546a55af6bcb88",2014-04-23,2014-04-23
"health","7410739f5a56da8825f858b2458e3048",2014-04-13,2014-04-13
"health","749be16cc18700b5597b945434f0862b",2014-04-13,2014-04-13
"health","74a690993def0388c60b6b72fa66aa5e",2014-03-16,2014-03-16
"health","74f75f8627aaf21996f7fa6e59311693",2014-04-25,2014-04-25
"health","7523e8cd311841a8ff408824e65ac9d1",2014-03-25,2014-03-25
"health","7553179c651e70d342c841989a94a377",2014-03-31,2014-03-31
"health","756eaf3f649f08add17edd9bdbf5bbfc",2014-04-24,2014-04-24
"health","75a099a3cd91e4e6c8680b2e7c795cbd",2014-03-23,2014-03-23
"health","75dee67233104e5feda68ef786dc84f8",2014-08-01,2014-04-12
"health","75dee67233104e5feda68ef786dc84f8",2014-04-12,2014-04-12
"health","75f86d4135245c4619d23c61356f0937",2014-04-21,2014-04-21
"health","76208addb8fc993d5b27d1eea19431c4",2014-04-28,2014-04-28
"health","76294f238056d77de0e5d5d90bf27d61",2014-04-13,2014-04-13
"health","76586f33225818e988fd0af898df347c",2014-03-05,2014-03-05
"health","7678139d307e34e68c5fed9bda85657b",2014-03-13,2014-03-13
"health","76a01fec44b2f2ad13caf9bbba003ff4",2014-03-12,2014-03-12
"health","76b3f721b356dd6933f4f252fddba333",2014-04-08,2014-03-21
"health","76b3f721b356dd6933f4f252fddba333",2014-03-21,2014-03-21
"health","76cd8f004c92143deba0741dda3e7106",2014-04-07,2014-04-07
"health","76e4d7a27a9d817995564192ba1fcbff",2014-03-12,2014-03-12
"health","776cbabf571013e1175dd740507113c1",2014-10-22,2014-03-29
"health","776cbabf571013e1175dd740507113c1",2014-06-17,2014-03-29
"health","776cbabf571013e1175dd740507113c1",2014-03-29,2014-03-29
"health","77974b2f6177344223a7cec12404856a",2014-04-25,2014-04-25
"health","77b6011c25758ce13aade60543759c8b",2014-04-11,2014-04-11
"health","77f46e0eac7d63934a7da9180c5b3451",2014-03-18,2014-03-18
"health","780732a96b5ae3f1ee58f6f4a655c280",2014-03-18,2014-03-18
"health","781550e127f313719993a3ac61a8a7ae",2014-04-28,2014-04-28
"health","782fb32e94e7874841a2c674ff50d14c",2014-04-07,2014-04-07
"health","7865e32dc5b4150b14d061ef46a5dd6b",2014-03-12,2014-03-12
"health","78f76e7b059ed4aceb42d966d7cbdcf0",2014-09-12,2014-03-23
"health","78f76e7b059ed4aceb42d966d7cbdcf0",2014-07-12,2014-03-23
"health","78f76e7b059ed4aceb42d966d7cbdcf0",2014-03-23,2014-03-23
"health","793f4127134b3d1db5b5db55b30bfe3e",2014-04-04,2014-04-04
"health","794d17257c048af7a68f8f700b4f4cd4",2014-04-16,2014-04-16
"health","795029dee0264f0f41ff5f49ab32f945",2014-03-08,2014-03-08
"health","79b493c158ab237d09913ec0089eca7d",2014-04-30,2014-04-30
"health","7a7d076082ddc3312011474052e3947d",2014-03-05,2014-03-05
"health","7af3ad3ed45f766abf542f36c3da9c15",2014-04-17,2014-04-17
"health","7b1713afe8221a2257a407c041d13775",2014-04-03,2014-04-03
"health","7b5c47fdeaac408394cb683af2c59ca3",2014-04-09,2014-04-09
"health","7b9075cd22bdd2648b124111e2f2e419",2014-04-04,2014-04-04
"health","7b97e955514e1603aea4267ee20e450a",2014-07-29,2014-03-20
"health","7b97e955514e1603aea4267ee20e450a",2014-05-01,2014-03-20
"health","7b97e955514e1603aea4267ee20e450a",2014-05-01,2014-03-20
"health","7b97e955514e1603aea4267ee20e450a",2014-03-20,2014-03-20
"health","7bff1c83f6e4e4a333fb0e9abc988547",2014-03-17,2014-03-17
"health","7c4954c99b3546a8973c7c942294fd5a",2014-04-02,2014-04-02
"health","7c4ee465e12664713daa1f428e233d12",2014-04-06,2014-04-06
"health","7cb2f38a7b10a1897d3fcf2858675bb9",2014-04-08,2014-04-08
"health","7cc732eec8ef343ee35b05bcbf6ac6fc",2014-03-13,2014-03-13
"health","7d4725a787e3b816b2b4ae09394ad42d",2014-04-04,2014-04-04
"health","7d4e270a1478e8bf4cc0dd3640ea3e0e",2014-04-14,2014-03-06
"health","7d4e270a1478e8bf4cc0dd3640ea3e0e",2014-03-06,2014-03-06
"health","7d529be4673bdb8930044e89f066267f",2014-07-25,2014-04-06
"health","7d529be4673bdb8930044e89f066267f",2014-07-25,2014-04-06
"health","7d529be4673bdb8930044e89f066267f",2014-05-31,2014-04-06
"health","7d529be4673bdb8930044e89f066267f",2014-05-31,2014-04-06
"health","7d529be4673bdb8930044e89f066267f",2014-05-09,2014-04-06
"health","7d529be4673bdb8930044e89f066267f",2014-05-09,2014-04-06
"health","7d529be4673bdb8930044e89f066267f",2014-04-06,2014-04-06
"health","7d68832b4c3787249cdd2b6f79009f60",2014-04-01,2014-03-13
"health","7d68832b4c3787249cdd2b6f79009f60",2014-04-01,2014-03-13
"health","7d68832b4c3787249cdd2b6f79009f60",2014-03-13,2014-03-13
"health","7d73131ef5af2b32b463e39141c02519",2014-04-11,2014-04-11
"health","7df24f0ace1fc9d0016bde01fff9b1c9",2014-04-14,2014-04-14
"health","7e60a8239d41cceef21eef623f28a874",2014-03-15,2014-03-15
"health","7f23c34146e3bb048621f049e05c7ab2",2014-07-13,2014-04-30
"health","7f23c34146e3bb048621f049e05c7ab2",2014-04-30,2014-04-30
"health","7f6271bb6b102ed113dbaf4602c2f1b8",2014-08-22,2014-04-06
"health","7f6271bb6b102ed113dbaf4602c2f1b8",2014-04-06,2014-04-06
"health","80673deba41724a24ccee69806cfa5e4",2014-04-18,2014-04-18
"health","80c1b55a63bc998d30bb634d9d124a80",2014-04-18,2014-04-18
"health","80f33892141cc1fc1c65c0df942ad92a",2014-04-16,2014-04-16
"health","80f4a286599cb62a8fd985564ec999bf",2014-04-15,2014-04-15
"health","80f8d6256a5f5835e173985a6d8bd04a",2014-04-22,2014-04-22
"health","812f8834884b1c9f6509aeb28895e27b",2014-04-13,2014-04-13
"health","816f3005e3155ffe2854a3f7fc7de878",2014-04-11,2014-04-11
"health","817a845c1fe77f1abb8888f49a9e237e",2014-04-12,2014-04-12
"health","819044c64b65e357286b5998a59bfd28",2014-07-02,2014-04-21
"health","819044c64b65e357286b5998a59bfd28",2014-04-21,2014-04-21
"health","81cedc22109b1545dc5940e8007f68e1",2014-04-14,2014-04-14
"health","821810115c7d87c3365da6fc6a4df984",2014-03-31,2014-03-31
"health","82456145997e25f723f334c09d30f96e",2014-04-30,2014-04-29
"health","82456145997e25f723f334c09d30f96e",2014-04-29,2014-04-29
"health","8271b897ff3458254bd5a0abc644f1cb",2014-04-23,2014-04-23
"health","8296025195519f513b6d54a436746598",2014-04-05,2014-04-05
"health","82b5aab45368c010f8ebea6923e2177c",2014-05-04,2014-04-01
"health","82b5aab45368c010f8ebea6923e2177c",2014-04-01,2014-04-01
"health","82ffe37f214559060abf7ad536ab7ca1",2014-03-26,2014-03-26
"health","831cf89efa106027e797cc0b8a6b5194",2014-04-07,2014-04-07
"health","838ea20508437fa3440ba0b3c9079e29",2014-03-15,2014-03-15
"health","84649287d0f53e63be9c670856d517c5",2014-04-04,2014-04-04
"health","853b37449166752d71a315ef127b79d3",2014-07-14,2014-04-14
"health","853b37449166752d71a315ef127b79d3",2014-04-14,2014-04-14
"health","85bb72b416176b794124037f17412aa4",2014-03-18,2014-03-18
"health","85e06f662fff3338dcd3081eaca3ee44",2014-03-20,2014-03-20
"health","86430e6538834b5996e1e60d6259d52f",2014-03-26,2014-03-26
"health","865b30201ec5dde538d3ae99ac19b629",2014-03-22,2014-03-22
"health","87217e575b000b8ffe075dc9b7461429",2014-03-18,2014-03-18
"health","874cf38ef8917cf3eb21d94668ff5fd3",2014-03-24,2014-03-24
"health","87582542199da31acc602f5e2ee3fd2f",2014-04-22,2014-04-22
"health","875d5c2bdb533d129996fb178910ce48",2014-10-01,2014-03-26
"health","875d5c2bdb533d129996fb178910ce48",2014-03-26,2014-03-26
"health","87ae9914238b5b657145691389dbbaaa",2014-03-29,2014-03-29
"health","87e4d7dc5d5514da574e19bedbaa5e58",2014-04-21,2014-04-21
"health","87e6616b2d031e0a9b243034726b8e60",2014-05-21,2014-04-04
"health","87e6616b2d031e0a9b243034726b8e60",2014-04-04,2014-04-04
"health","88c6c953dd49e3d0d3a20f085721a26e",2014-03-29,2014-03-29
"health","89ac9fbedb2a5ce75213cb693c295205",2014-04-08,2014-04-08
"health","89c826564fb0472b66d2fb7a02b7add8",2014-03-31,2014-03-31
"health","89d68e17afb815603c8327c11209179f",2014-04-11,2014-04-11
"health","89db54f2ab06c95fd0e22f9bb8780de8",2014-06-24,2014-03-15
"health","89db54f2ab06c95fd0e22f9bb8780de8",2014-03-15,2014-03-15
"health","8aa3f3f147edfcbe3cff07c23cc61da4",2014-04-04,2014-04-04
"health","8b03b677c6f8962e2ac4dd96bdadb581",2014-09-09,2014-03-04
"health","8b03b677c6f8962e2ac4dd96bdadb581",2014-08-23,2014-03-04
"health","8b03b677c6f8962e2ac4dd96bdadb581",2014-03-04,2014-03-04
"health","8b0563f68e9f6dabece1822e9be33c81",2014-04-02,2014-04-02
"health","8b24ee0025f59c570b470813204598e3",2014-03-22,2014-03-22
"health","8b64d51d6022cee171c7e3efd0e21e24",2014-10-20,2014-03-25
"health","8b64d51d6022cee171c7e3efd0e21e24",2014-06-17,2014-03-25
"health","8b64d51d6022cee171c7e3efd0e21e24",2014-05-05,2014-03-25
"health","8b64d51d6022cee171c7e3efd0e21e24",2014-05-04,2014-03-25
"health","8b64d51d6022cee171c7e3efd0e21e24",2014-04-14,2014-03-25
"health","8b64d51d6022cee171c7e3efd0e21e24",2014-04-09,2014-03-25
"health","8b64d51d6022cee171c7e3efd0e21e24",2014-04-08,2014-03-25
"health","8b64d51d6022cee171c7e3efd0e21e24",2014-04-04,2014-03-25
"health","8b64d51d6022cee171c7e3efd0e21e24",2014-03-25,2014-03-25
"health","8b6648b784be96dee6f08722cf3a1b8d",2014-04-18,2014-04-18
"health","8bf89c3ea43049e948ff46915067efa3",2014-08-11,2014-03-10
"health","8bf89c3ea43049e948ff46915067efa3",2014-07-26,2014-03-10
"health","8bf89c3ea43049e948ff46915067efa3",2014-07-09,2014-03-10
"health","8bf89c3ea43049e948ff46915067efa3",2014-07-09,2014-03-10
"health","8bf89c3ea43049e948ff46915067efa3",2014-03-26,2014-03-10
"health","8bf89c3ea43049e948ff46915067efa3",2014-03-10,2014-03-10
"health","8c3b92dcd374511bc4aa8f07889add46",2014-03-23,2014-03-23
"health","8c40ffd159b4b3b3b1bab137f4814419",2014-04-01,2014-04-01
"health","8c5e83534f52d3b44162ff65abe5abaf",2014-04-09,2014-04-09
"health","8ca9dc4d08110f6969c20d16f01824c4",2014-04-29,2014-04-29
"health","8caacc50fdbea38da368c43e52bf9ca8",2014-04-28,2014-04-28
"health","8cf8ca6b652edd126e91f6dbfc8df425",2014-08-05,2014-04-30
"health","8cf8ca6b652edd126e91f6dbfc8df425",2014-06-25,2014-04-30
"health","8cf8ca6b652edd126e91f6dbfc8df425",2014-04-30,2014-04-30
"health","8daa02043f1f4540adf01f5ee4babb59",2014-03-29,2014-03-29
"health","8dcbe083394eecac0ccfe055ab52dc4e",2014-03-09,2014-03-09
"health","8e2770ff79662ed61457440c334fd42a",2014-03-24,2014-03-24
"health","8e2ff7458ed186e62c605d591994d30d",2014-03-12,2014-03-12
"health","8efc846627aa97d1b66831232dad92ce",2014-04-19,2014-04-19
"health","8f36f30491ef2f208ee2aec8a06c4972",2014-04-10,2014-04-10
"health","8f36f30491ef2f208ee2aec8a06c4972",2014-04-10,2014-04-10
"health","8f42dfd7e6e53a3011e06e4c90a3068e",2014-04-18,2014-04-18
"health","8f982fba38e2dda16f85b0967027e5ae",2014-04-05,2014-04-05
"health","8f9f005516d820486a10ef447a3a2714",2014-06-20,2014-03-27
"health","8f9f005516d820486a10ef447a3a2714",2014-03-27,2014-03-27
"health","8fbbafb73d336a53daf63754086672b8",2014-04-23,2014-04-23
"health","901966b644352ffd2dcf25c6bab3102b",2014-04-28,2014-04-18
"health","901966b644352ffd2dcf25c6bab3102b",2014-04-18,2014-04-18
"health","90658aaa07d80b51b31bf22334edcc16",2014-04-04,2014-04-04
"health","90e484f3ac8c4ba6d1243d00a678539d",2014-09-26,2014-04-05
"health","90e484f3ac8c4ba6d1243d00a678539d",2014-08-21,2014-04-05
"health","90e484f3ac8c4ba6d1243d00a678539d",2014-07-18,2014-04-05
"health","90e484f3ac8c4ba6d1243d00a678539d",2014-07-10,2014-04-05
"health","90e484f3ac8c4ba6d1243d00a678539d",2014-04-19,2014-04-05
"health","90e484f3ac8c4ba6d1243d00a678539d",2014-04-19,2014-04-05
"health","90e484f3ac8c4ba6d1243d00a678539d",2014-04-13,2014-04-05
"health","90e484f3ac8c4ba6d1243d00a678539d",2014-04-05,2014-04-05
"health","911d189236e6c5a08025dbd601dddc62",2014-04-14,2014-04-14
"health","914c9cc58f0b07a2e3632c452f48bbc6",2014-03-09,2014-03-09
"health","914f9fdaf0d37b19c7e1b374036ffb47",2014-08-17,2014-04-18
"health","914f9fdaf0d37b19c7e1b374036ffb47",2014-06-23,2014-04-18
"health","914f9fdaf0d37b19c7e1b374036ffb47",2014-04-18,2014-04-18
"health","915681926fec9af6bef6a7379d46bbb3",2014-04-14,2014-04-03
"health","915681926fec9af6bef6a7379d46bbb3",2014-04-03,2014-04-03
"health","915681926fec9af6bef6a7379d46bbb3",2014-04-03,2014-04-03
"health","91aab26a96135c6f6153f3a4d92bf380",2014-03-09,2014-03-09
"health","91db44bc337f0259e03783d0916ec0b5",2014-08-12,2014-03-22
"health","91db44bc337f0259e03783d0916ec0b5",2014-05-30,2014-03-22
"health","91db44bc337f0259e03783d0916ec0b5",2014-03-22,2014-03-22
"health","922a34c5011d38914a36a923fda00ccb",2014-04-12,2014-04-12
"health","924e13122a1a1dadffb26f7be7dcde90",2014-04-17,2014-04-17
"health","926e5db904846dafafad0889aca36f7e",2014-03-14,2014-03-14
"health","92da2a92f76da702a64596b086ae9d73",2014-05-14,2014-04-15
"health","92da2a92f76da702a64596b086ae9d73",2014-04-15,2014-04-15
"health","92fb45964fdf5b2220718ef78d568764",2014-04-15,2014-04-15
"health","936cef41581e9a9b3b2d53ec15bfaea2",2014-05-23,2014-04-07
"health","936cef41581e9a9b3b2d53ec15bfaea2",2014-04-07,2014-04-07
"health","93f83d03308ebc5a14422d49751c3ea8",2014-05-24,2014-03-09
"health","93f83d03308ebc5a14422d49751c3ea8",2014-04-30,2014-03-09
"health","93f83d03308ebc5a14422d49751c3ea8",2014-03-27,2014-03-09
"health","93f83d03308ebc5a14422d49751c3ea8",2014-03-09,2014-03-09
"health","9421fc63d51f562f267c51a178475146",2014-03-22,2014-03-22
"health","94430dd8d85a897e48df0191baecf314",2014-03-22,2014-03-22
"health","94c1079f9d501502ce1f390e05e66d4f",2014-04-02,2014-04-02
"health","94e745fe08f38476554fd1ef159c0a32",2014-03-22,2014-03-22
"health","94ed5e72751ef82805185348d2667be9",2014-03-07,2014-03-07
"health","952e89d96701c4e4324d60dbd9171b8b",2014-03-23,2014-03-23
"health","953a38fdccce5e9309fdb24a34afddc9",2014-04-11,2014-04-11
"health","959ba476425979035b7f4ca394d816e0",2014-04-12,2014-04-12
"health","95b50ef00595281ae0ac596790af35b9",2014-04-30,2014-04-30
"health","9652aa80cad223c24983c77c3a0b9240",2014-10-20,2014-03-20
"health","9652aa80cad223c24983c77c3a0b9240",2014-09-10,2014-03-20
"health","9652aa80cad223c24983c77c3a0b9240",2014-03-20,2014-03-20
"health","9687214c223aaeda661c6ffa807f7d1c",2014-04-23,2014-04-23
"health","96c5c7ab1aeb3eaceed732d3d9ed25b5",2014-03-31,2014-03-31
"health","96ec0b18db1695bee908e3399d8afd71",2014-04-23,2014-04-23
"health","974224ff89674d77b8d09d2bc1daf8a7",2014-06-30,2014-03-27
"health","974224ff89674d77b8d09d2bc1daf8a7",2014-03-27,2014-03-27
"health","974f6349bd8bc0cd2e9a9d8613a894d7",2014-03-28,2014-03-28
"health","978315981a2c18b47a661db9b013afed",2014-04-03,2014-04-03
"health","978bd3325d8acbfe348435e2c82c7826",2014-03-31,2014-03-31
"health","97bb4808cd2f289f2d73a7c2c4c11717",2014-04-04,2014-04-04
"health","984622259146d53283e6d8fff21166d7",2014-04-02,2014-04-02
"health","9854450c3db03eba688b557f2966a8a3",2014-04-28,2014-04-28
"health","985a9d876d431386cb776dd149383c97",2014-04-02,2014-04-02
"health","9864fcec292349011318efd9b6e0764d",2014-04-30,2014-04-30
"health","98966fbeeafd5a55f8636c715b368a0b",2014-09-25,2014-04-30
"health","98966fbeeafd5a55f8636c715b368a0b",2014-04-30,2014-04-30
"health","98db14d2ed9be76819e71763690f8cde",2014-04-01,2014-04-01
"health","9914d15a920894d820bcf692237b49a3",2014-04-02,2014-04-02
"health","99489004bc46c9664ec093dc37c11e68",2014-03-19,2014-03-19
"health","9969b92ba0470ec402dd0f66d9e7798c",2014-04-01,2014-04-01
"health","998b51840ff8fbdd7693dabcb2cb2582",2014-04-11,2014-04-11
"health","998b51840ff8fbdd7693dabcb2cb2582",2014-04-11,2014-04-11
"health","99c1360cc535a2c6b0590e756710f47c",2014-03-22,2014-03-22
"health","9a41cab285f0dcec79c771ef7b362085",2014-04-18,2014-04-18
"health","9a543232866f6eeb81cd928a5add3001",2014-07-21,2014-03-26
"health","9a543232866f6eeb81cd928a5add3001",2014-07-21,2014-03-26
"health","9a543232866f6eeb81cd928a5add3001",2014-06-20,2014-03-26
"health","9a543232866f6eeb81cd928a5add3001",2014-06-20,2014-03-26
"health","9a543232866f6eeb81cd928a5add3001",2014-04-21,2014-03-26
"health","9a543232866f6eeb81cd928a5add3001",2014-04-21,2014-03-26
"health","9a543232866f6eeb81cd928a5add3001",2014-04-21,2014-03-26
"health","9a543232866f6eeb81cd928a5add3001",2014-04-09,2014-03-26
"health","9a543232866f6eeb81cd928a5add3001",2014-03-26,2014-03-26
"health","9a96cd7922a4fb36b416504da3721672",2014-06-09,2014-04-22
"health","9a96cd7922a4fb36b416504da3721672",2014-04-22,2014-04-22
"health","9a9d5b19f30bedbaf9593c37d06db148",2014-04-14,2014-03-04
"health","9a9d5b19f30bedbaf9593c37d06db148",2014-03-04,2014-03-04
"health","9ac2ff939af80be1cbf46c79123ca85a",2014-09-26,2014-03-09
"health","9ac2ff939af80be1cbf46c79123ca85a",2014-03-09,2014-03-09
"health","9ae7ecf0ddef375b4cc3410aa338554a",2014-04-11,2014-04-11
"health","9af93813940d90763b4381f5bc46e50f",2014-05-19,2014-03-24
"health","9af93813940d90763b4381f5bc46e50f",2014-03-24,2014-03-24
"health","9b7ba8b679c24273551a9af986a1b0db",2014-03-13,2014-03-13
"health","9bdd2444bc16fc18c4d09466ba076e9e",2014-03-04,2014-03-04
"health","9c30eac5789ff19bd09bf4307c5bd8a8",2014-04-12,2014-04-12
"health","9c690770aee7751c4af6c240efe73c80",2014-07-21,2014-04-03
"health","9c690770aee7751c4af6c240efe73c80",2014-04-03,2014-04-03
"health","9c9cf739f7b8395fbd671f7b901175e2",2014-03-27,2014-03-27
"health","9cb79e3d1a3d5bf5247a870504a7caae",2014-04-14,2014-04-14
"health","9ce4b1cf5a6424ce49ac3d9004e0297d",2014-04-28,2014-04-28
"health","9d4e35d640daad21c4c19f7cb2e8c5b1",2014-04-22,2014-04-22
"health","9d5c10c4c23235b4879ed0014fe92da8",2014-03-30,2014-03-30
"health","9e0d38c232571ec51aeb741d4c17c8ba",2014-07-10,2014-03-24
"health","9e0d38c232571ec51aeb741d4c17c8ba",2014-05-21,2014-03-24
"health","9e0d38c232571ec51aeb741d4c17c8ba",2014-04-13,2014-03-24
"health","9e0d38c232571ec51aeb741d4c17c8ba",2014-03-24,2014-03-24
"health","9e2a552a71d5089e7f31eab9184f6f79",2014-04-04,2014-04-04
"health","9e61753a835e6711ee18fdd50e36391b",2014-06-16,2014-04-04
"health","9e61753a835e6711ee18fdd50e36391b",2014-05-09,2014-04-04
"health","9e61753a835e6711ee18fdd50e36391b",2014-04-04,2014-04-04
"health","9eb7502b808bf92b4f77fdf3b4ee6c0a",2014-03-22,2014-03-22
"health","9ef302e741176c429324b497886f6aff",2014-03-31,2014-03-31
"health","9f7c2a4b401c36659296f7231d3e1f1c",2014-04-07,2014-04-07
"health","9f964334adf6a304a14fef0ec2a1ba52",2014-04-26,2014-03-21
"health","9f964334adf6a304a14fef0ec2a1ba52",2014-03-21,2014-03-21
"health","9feb811953e72eab5f25610a29113ea3",2014-03-20,2014-03-20
"health","a03aedddd5eb9af9bc833596542dd751",2014-08-22,2014-03-26
"health","a03aedddd5eb9af9bc833596542dd751",2014-06-04,2014-03-26
"health","a03aedddd5eb9af9bc833596542dd751",2014-03-26,2014-03-26
"health","a054b39fcbe2cc2428e6db8dcb18e4dc",2014-03-06,2014-03-06
"health","a121d49c4322b191bcdb3497384fa98f",2014-04-24,2014-04-24
"health","a21ca3c7c9d3537a590dbcfed5c47f77",2014-04-01,2014-04-01
"health","a223b081a104fbd6348f547319409bb9",2014-04-04,2014-04-04
"health","a2328c52b5c82a2c5d7450f63dc33ca0",2014-04-16,2014-04-16
"health","a23eeba6735e0286cd94745317f1db43",2014-04-22,2014-04-22
"health","a27e4fdfb8e9988924b1abe50a9dc85e",2014-04-10,2014-04-10
"health","a2a0df93f0a3b81527623c4cb0e4ec12",2014-04-14,2014-04-14
"health","a2b35863a9cff5df36ac627d8da1d8ec",2014-04-04,2014-04-04
"health","a2cd150190fdabf3e4b3a80d926a29f2",2014-03-31,2014-03-31
"health","a2d6e5b4a40d863e6526ce4c6117cb79",2014-04-11,2014-04-11
"health","a2dcfa7fda77e2ae667f531dfd7f8bb2",2014-04-11,2014-04-11
"health","a30920ee207d54184991f76fb36819d7",2014-04-16,2014-03-28
"health","a30920ee207d54184991f76fb36819d7",2014-03-28,2014-03-28
"health","a36e573945ff9525596007db370db154",2014-03-25,2014-03-25
"health","a3b358453b5a987f0b7e2d44807975cf",2014-03-22,2014-03-22
"health","a3bf989a856bec33be831ff402c37d9b",2014-03-09,2014-03-09
"health","a3edb1a7254a7c05113a4405aacd417e",2014-09-23,2014-03-23
"health","a3edb1a7254a7c05113a4405aacd417e",2014-08-19,2014-03-23
"health","a3edb1a7254a7c05113a4405aacd417e",2014-06-08,2014-03-23
"health","a3edb1a7254a7c05113a4405aacd417e",2014-05-13,2014-03-23
"health","a3edb1a7254a7c05113a4405aacd417e",2014-03-23,2014-03-23
"health","a45afea43e20a595c217c501add18b5e",2014-03-06,2014-03-06
"health","a4fd1e44d766415163e00d5379113443",2014-04-01,2014-04-01
"health","a519bbc1673592057e56f921d1761525",2014-05-19,2014-03-23
"health","a519bbc1673592057e56f921d1761525",2014-03-23,2014-03-23
"health","a609070c008eecad73305487ea923f14",2014-10-28,2014-04-13
"health","a609070c008eecad73305487ea923f14",2014-09-16,2014-04-13
"health","a609070c008eecad73305487ea923f14",2014-09-16,2014-04-13
"health","a609070c008eecad73305487ea923f14",2014-07-25,2014-04-13
"health","a609070c008eecad73305487ea923f14",2014-05-16,2014-04-13
"health","a609070c008eecad73305487ea923f14",2014-05-03,2014-04-13
"health","a609070c008eecad73305487ea923f14",2014-04-13,2014-04-13
"health","a614a09ef573a97687f70e3553c7b27c",2014-03-31,2014-03-05
"health","a614a09ef573a97687f70e3553c7b27c",2014-03-05,2014-03-05
"health","a6170e1da9ee7505827c39467ca14ef4",2014-03-24,2014-03-24
"health","a618b40fe8cf932a21af61c2e5c910cd",2014-10-23,2014-03-19
"health","a618b40fe8cf932a21af61c2e5c910cd",2014-09-28,2014-03-19
"health","a618b40fe8cf932a21af61c2e5c910cd",2014-06-22,2014-03-19
"health","a618b40fe8cf932a21af61c2e5c910cd",2014-05-21,2014-03-19
"health","a618b40fe8cf932a21af61c2e5c910cd",2014-03-19,2014-03-19
"health","a65da9cf9a936ea0a2541b23c828b32c",2014-04-02,2014-04-02
"health","a6921ee874eb1fff107a0b6c841fa6a3",2014-04-11,2014-04-11
"health","a6a2e02b98ff26517cf81b254c5f88d7",2014-05-22,2014-04-17
"health","a6a2e02b98ff26517cf81b254c5f88d7",2014-04-17,2014-04-17
"health","a6eb0d66cbce075c460f649f7f790cab",2014-03-19,2014-03-19
"health","a740f40ae283b1cac4f465cf5f7ac169",2014-03-04,2014-03-04
"health","a7f4963d75726918a3dfe6a34b60765b",2014-08-25,2014-04-26
"health","a7f4963d75726918a3dfe6a34b60765b",2014-05-25,2014-04-26
"health","a7f4963d75726918a3dfe6a34b60765b",2014-04-26,2014-04-26
"health","a8429b0476dd314f7c465c2528301708",2014-03-22,2014-03-22
"health","a86265f398f59cf2c5658ad1877639b7",2014-04-30,2014-04-30
"health","a90803f7c33a526af23bd855e6e1de70",2014-04-17,2014-04-17
"health","a936e66a397f3a0a2cee9d8a58753a33",2014-03-05,2014-03-05
"health","a96fdb05ac14636d285137830084ea63",2014-04-03,2014-04-03
"health","a9bdea957330ed2ff197ba05ae38fcab",2014-03-21,2014-03-21
"health","aa34d9c083887f831c54da77ae52417f",2014-05-02,2014-04-01
"health","aa34d9c083887f831c54da77ae52417f",2014-04-01,2014-04-01
"health","aadf0bca75fba0da47038ae1ded68acf",2014-03-14,2014-03-14
"health","aaf8219266cae5a05f909ccfd9796c77",2014-04-10,2014-04-10
"health","ab690912466b2e7843b660486fcd8713",2014-04-25,2014-04-25
"health","ab936ec25391074583e1fb28c3de63f6",2014-04-27,2014-04-27
"health","abe856be0639d98c5b15ec7ef82d6fcf",2014-07-02,2014-03-28
"health","abe856be0639d98c5b15ec7ef82d6fcf",2014-05-25,2014-03-28
"health","abe856be0639d98c5b15ec7ef82d6fcf",2014-03-28,2014-03-28
"health","abeb9eb6d5959f170d5198e04d053b61",2014-04-27,2014-04-27
"health","ac2df49cfce047bca64907c08970eaf8",2014-05-05,2014-04-30
"health","ac2df49cfce047bca64907c08970eaf8",2014-04-30,2014-04-30
"health","ac65d489592c10717f03de4819c18a08",2014-04-28,2014-04-28
"health","aceda9b4c8944100e4b15680c2a0e297",2014-04-03,2014-04-03
"health","ad2f6f3eafed962e9906a1171ea89707",2014-04-11,2014-04-11
"health","aeac62947f3fa41c275ccdbe171f7e93",2014-04-15,2014-04-15
"health","aee471003ed7d7725ec03df1bebc6afa",2014-03-19,2014-03-19
"health","aee47fa635464e6034f1a48e3b9b0896",2014-06-02,2014-04-27
"health","aee47fa635464e6034f1a48e3b9b0896",2014-04-27,2014-04-27
"health","aeefe8eb0df2bdc1eb538595bdaca028",2014-04-28,2014-04-28
"health","aef130784cfe324d2dce81f240373ec1",2014-04-21,2014-03-24
"health","aef130784cfe324d2dce81f240373ec1",2014-03-24,2014-03-24
"health","af2d70b781ed9d78804a81be0a480fc6",2014-03-24,2014-03-24
"health","af493ecdbec63d48db9676c9c24113e9",2014-03-15,2014-03-15
"health","b011e097950217667d19c950d3c5f3fb",2014-03-19,2014-03-19
"health","b01d8a168ec092efb24d18174de59ece",2014-04-22,2014-04-22
"health","b01e4bdf79a0187addde925447f5e914",2014-03-19,2014-03-19
"health","b09f104641d0d438d8358e92fe294000",2014-07-14,2014-04-25
"health","b09f104641d0d438d8358e92fe294000",2014-04-25,2014-04-25
"health","b0dc65103581cf992651442af78f1735",2014-04-05,2014-04-05
"health","b0ff72f9604d1aa059af3ff1d364aa7a",2014-04-14,2014-04-14
"health","b173b36bc9c39f37d1a0915525b44ac1",2014-04-30,2014-04-30
"health","b1a77fe8008a8c3a5018218d8a15bb46",2014-03-05,2014-03-05
"health","b1e5a34ed7f1354d4cafb18e044b4a2d",2014-05-24,2014-03-10
"health","b1e5a34ed7f1354d4cafb18e044b4a2d",2014-03-10,2014-03-10
"health","b1f857f2ba584269ab0669b82a5fc932",2014-04-19,2014-04-19
"health","b20dbc3efbe0bd94473b459589c5c807",2014-10-02,2014-03-22
"health","b20dbc3efbe0bd94473b459589c5c807",2014-07-03,2014-03-22
"health","b20dbc3efbe0bd94473b459589c5c807",2014-03-22,2014-03-22
"health","b2387142fd864209cc3826df4f4c1424",2014-10-06,2014-04-17
"health","b2387142fd864209cc3826df4f4c1424",2014-08-28,2014-04-17
"health","b2387142fd864209cc3826df4f4c1424",2014-06-25,2014-04-17
"health","b2387142fd864209cc3826df4f4c1424",2014-04-17,2014-04-17
"health","b250c012e6545cfc3d5f7953af1049e7",2014-10-04,2014-03-30
"health","b250c012e6545cfc3d5f7953af1049e7",2014-03-30,2014-03-30
"health","b25115f792bf37c8b703777a0641a7f2",2014-03-27,2014-03-27
"health","b27dad3111665b9a78244261eb9bc3ba",2014-08-26,2014-04-01
"health","b27dad3111665b9a78244261eb9bc3ba",2014-07-01,2014-04-01
"health","b27dad3111665b9a78244261eb9bc3ba",2014-04-29,2014-04-01
"health","b27dad3111665b9a78244261eb9bc3ba",2014-04-01,2014-04-01
"health","b2c4f0ded100bf9b09b6aa01d9a65bc4",2014-09-29,2014-03-06
"health","b2c4f0ded100bf9b09b6aa01d9a65bc4",2014-07-30,2014-03-06
"health","b2c4f0ded100bf9b09b6aa01d9a65bc4",2014-03-06,2014-03-06
"health","b2e147742b27a0740ddcef4af1f47aef",2014-04-01,2014-04-01
"health","b2f05a0bc3e57102e44112664f150962",2014-04-27,2014-04-27
"health","b3322ad5eb6ae0f9217301b91c8c3a6f",2014-10-26,2014-03-10
"health","b3322ad5eb6ae0f9217301b91c8c3a6f",2014-09-30,2014-03-10
"health","b3322ad5eb6ae0f9217301b91c8c3a6f",2014-08-21,2014-03-10
"health","b3322ad5eb6ae0f9217301b91c8c3a6f",2014-07-14,2014-03-10
"health","b3322ad5eb6ae0f9217301b91c8c3a6f",2014-05-12,2014-03-10
"health","b3322ad5eb6ae0f9217301b91c8c3a6f",2014-03-10,2014-03-10
"health","b3644b3c1cac6b997712e3f84e5b33c4",2014-04-20,2014-04-20
"health","b3f44c20b439f15973e68198a7f6b737",2014-05-01,2014-03-31
"health","b3f44c20b439f15973e68198a7f6b737",2014-03-31,2014-03-31
"health","b3fc475d002420906b5df791936e0886",2014-08-19,2014-03-25
"health","b3fc475d002420906b5df791936e0886",2014-03-25,2014-03-25
"health","b4258f0469483d7aec9a9b7e902c141b",2014-03-22,2014-03-22
"health","b4e551468f74a4b5bcfd5fd5f4fb9e14",2014-10-04,2014-03-04
"health","b4e551468f74a4b5bcfd5fd5f4fb9e14",2014-03-04,2014-03-04
"health","b52be30cb9f06eaa73bf13b30f928b09",2014-08-10,2014-04-10
"health","b52be30cb9f06eaa73bf13b30f928b09",2014-08-10,2014-04-10
"health","b52be30cb9f06eaa73bf13b30f928b09",2014-04-10,2014-04-10
"health","b54726a09cb87a3be0f27c913669eb6d",2014-04-27,2014-04-27
"health","b552fc1ef63e45c5d78e9d752dd2d645",2014-03-25,2014-03-25
"health","b5efedf2614f361b7da2c95eb1499014",2014-03-31,2014-03-31
"health","b62c1b893e720bedeb5ce6ac9327ff44",2014-04-10,2014-04-10
"health","b6752a69bab0383107da899a3b6df2b4",2014-03-30,2014-03-30
"health","b6a0002fce9c54a46d1bfe66ef270d90",2014-03-11,2014-03-11
"health","b6b643ba9d0c31d95a25b69cee9c554d",2014-03-18,2014-03-18
"health","b6d8648be86a580409ade6714a6274ae",2014-03-16,2014-03-16
"health","b73a85922ef53e5c30cdcdd41c32876e",2014-04-30,2014-04-30
"health","b767daeb7bc90603002d8fb8a4ec328d",2014-04-07,2014-04-07
"health","b76b491a2c87e8ea72360b203697a3d0",2014-10-20,2014-03-27
"health","b76b491a2c87e8ea72360b203697a3d0",2014-09-02,2014-03-27
"health","b76b491a2c87e8ea72360b203697a3d0",2014-07-01,2014-03-27
"health","b76b491a2c87e8ea72360b203697a3d0",2014-03-27,2014-03-27
"health","b78e1e1cdf175746ed4d4e460cbc0dbb",2014-03-27,2014-03-27
"health","b7f492b16266cb06f0a6377a51b0abbc",2014-03-13,2014-03-13
"health","b83b3c8616c46835cc219ee972761ea6",2014-04-03,2014-04-03
"health","b867d82a74bbf4ba0911a4d20dd457c6",2014-03-04,2014-03-04
"health","b867d82a74bbf4ba0911a4d20dd457c6",2014-03-04,2014-03-04
"health","b88296e0b7c36631f176ae8901c61656",2014-04-02,2014-04-02
"health","b9947220604652f6ce50641af2e09263",2014-03-21,2014-03-21
"health","b9c11fd1bbc8b0524599233922586220",2014-09-17,2014-04-19
"health","b9c11fd1bbc8b0524599233922586220",2014-08-06,2014-04-19
"health","b9c11fd1bbc8b0524599233922586220",2014-07-13,2014-04-19
"health","b9c11fd1bbc8b0524599233922586220",2014-05-06,2014-04-19
"health","b9c11fd1bbc8b0524599233922586220",2014-04-19,2014-04-19
"health","ba0263d8e60a6d34ae1fb23206b98931",2014-04-26,2014-03-30
"health","ba0263d8e60a6d34ae1fb23206b98931",2014-03-30,2014-03-30
"health","ba53461c67b522393cf00589393ee869",2014-04-28,2014-04-28
"health","ba878277759bc1bd41083903bff780f9",2014-03-30,2014-03-30
"health","bab45741815722231174030f4d305ad7",2014-03-31,2014-03-31
"health","baccd6abec1461c590a938b15a64ccd1",2014-04-03,2014-04-03
"health","bb5031a42743fc606278cbb719c5b70b",2014-04-27,2014-04-27
"health","bb76b08f74f02564f03ca8a9fc35a0d2",2014-06-11,2014-04-21
"health","bb76b08f74f02564f03ca8a9fc35a0d2",2014-04-21,2014-04-21
"health","bbcfb5975035107b9d44b4c15bfad689",2014-03-31,2014-03-31
"health","bbf29242e3ab82980cc4a2ea7d12534a",2014-03-04,2014-03-04
"health","bbf4ab17f1c12e11f96e5799d0f0b9d8",2014-03-31,2014-03-31
"health","bbf7b0bc6c3cc153c44fd17e9517cb33",2014-04-07,2014-04-07
"health","bcb82f25e88d9851c6b32b642be60a65",2014-03-04,2014-03-04
"health","bd01fe7ea2bce5b0d040e559dce93641",2014-04-14,2014-04-14
"health","bd1e374c527c652b394cbca4e823d7e0",2014-07-01,2014-03-11
"health","bd1e374c527c652b394cbca4e823d7e0",2014-03-11,2014-03-11
"health","bd2e1d73af37c18bf06b725b3500d512",2014-04-08,2014-04-08
"health","bea8ccdabc247fe1086762b2884bb7e7",2014-04-16,2014-04-16
"health","bf36713a907b5fbf9974d09c9be298ca",2014-04-24,2014-04-24
"health","bf86e741bea0575d5fe6b1270082d458",2014-04-24,2014-04-24
"health","bf8f2417b9ddbd1f2ac10b166636529b",2014-04-07,2014-04-07
"health","c039833ddf6a9c821acca64a806863e2",2014-03-30,2014-03-30
"health","c06f75d8016929624aa3c22869a46e29",2014-04-30,2014-04-30
"health","c0795dd56b103642ba2bc1df55194d4b",2014-04-13,2014-04-13
"health","c07c091355621e518e770a9cb751cd3d",2014-03-06,2014-03-06
"health","c0892b2cb4005358ff2243debf105441",2014-10-01,2014-04-10
"health","c0892b2cb4005358ff2243debf105441",2014-08-05,2014-04-10
"health","c0892b2cb4005358ff2243debf105441",2014-04-10,2014-04-10
"health","c0e651ec8efe0e511ca0b7d9ab1638be",2014-04-10,2014-04-10
"health","c121b5db9de73a1c5fd9e862ab3a0163",2014-04-17,2014-04-17
"health","c14d436f0b2cfaf162c4d046119591d2",2014-04-06,2014-04-06
"health","c1583099099df9812ef6276ffe219c4b",2014-05-22,2014-03-31
"health","c1583099099df9812ef6276ffe219c4b",2014-03-31,2014-03-31
"health","c166da922f3d8b327a53e38aeb16d13f",2014-10-16,2014-04-09
"health","c166da922f3d8b327a53e38aeb16d13f",2014-09-08,2014-04-09
"health","c166da922f3d8b327a53e38aeb16d13f",2014-07-08,2014-04-09
"health","c166da922f3d8b327a53e38aeb16d13f",2014-05-25,2014-04-09
"health","c166da922f3d8b327a53e38aeb16d13f",2014-04-09,2014-04-09
"health","c17c90814853fe908fe92b86deb16819",2014-09-17,2014-04-21
"health","c17c90814853fe908fe92b86deb16819",2014-07-02,2014-04-21
"health","c17c90814853fe908fe92b86deb16819",2014-04-21,2014-04-21
"health","c247f058122fa84451b6f400458ffca1",2014-03-11,2014-03-11
"health","c27d395059ad86cf0792e3b1a0ebade5",2014-03-25,2014-03-25
"health","c2f5d96df1cb272679367acf8e4db8a8",2014-05-30,2014-03-08
"health","c2f5d96df1cb272679367acf8e4db8a8",2014-03-08,2014-03-08
"health","c3491d7883cbc6303b85bf5f9a3d643e",2014-03-29,2014-03-29
"health","c3f543bc3f784a6ee94eebaef0b449db",2014-04-15,2014-04-15
"health","c4696644be4992388eae2fb5affa8191",2014-04-15,2014-04-15
"health","c46ca798fb27f3c5fe28253cfc4ca812",2014-03-11,2014-03-11
"health","c4b9ecbfb149fc3a6e58c3fa5496b044",2014-04-29,2014-03-05
"health","c4b9ecbfb149fc3a6e58c3fa5496b044",2014-03-05,2014-03-05
"health","c4ba4cb603cd48ee14a45dbc24e5e180",2014-04-18,2014-04-18
"health","c4df853c08ee570c2ae2d4a7479c4b65",2014-03-06,2014-03-06
"health","c4f01dc72352e9eda772166a380c1f95",2014-06-01,2014-04-14
"health","c4f01dc72352e9eda772166a380c1f95",2014-05-23,2014-04-14
"health","c4f01dc72352e9eda772166a380c1f95",2014-05-09,2014-04-14
"health","c4f01dc72352e9eda772166a380c1f95",2014-05-08,2014-04-14
"health","c4f01dc72352e9eda772166a380c1f95",2014-04-14,2014-04-14
"health","c5191344284a0844a2758896f7561d9c",2014-04-26,2014-04-26
"health","c527c6bd2fcc606baba02f08eac56c24",2014-04-29,2014-04-29
"health","c55beddfa849c09fc3069f09c9aad90d",2014-04-02,2014-04-02
"health","c578c51816e5ae52d8a6bd5bf92b2215",2014-03-23,2014-03-23
"health","c5951427f6daca28584a1a48864efac2",2014-09-30,2014-04-25
"health","c5951427f6daca28584a1a48864efac2",2014-08-12,2014-04-25
"health","c5951427f6daca28584a1a48864efac2",2014-04-25,2014-04-25
"health","c5e42833ac20aaf52ea2f7892fc5ac60",2014-03-17,2014-03-17
"health","c6960e78e6188d0dce37d5a4bd11fa93",2014-04-23,2014-04-23
"health","c6f2ee106255e15b7bfb228943f1a40f",2014-04-16,2014-04-16
"health","c75a1607bbed5e3c1f09a2b684b219fb",2014-03-27,2014-03-27
"health","c76c90484e1cf9af27222f866d3c0e79",2014-04-08,2014-04-08
"health","c77dadf6b69029f9fe564c3d27860534",2014-03-05,2014-03-05
"health","c78cfb18a12eb2cf6bc01b0b9987283e",2014-09-27,2014-04-09
"health","c78cfb18a12eb2cf6bc01b0b9987283e",2014-09-02,2014-04-09
"health","c78cfb18a12eb2cf6bc01b0b9987283e",2014-05-30,2014-04-09
"health","c78cfb18a12eb2cf6bc01b0b9987283e",2014-04-26,2014-04-09
"health","c78cfb18a12eb2cf6bc01b0b9987283e",2014-04-09,2014-04-09
"health","c81a5d5f87800ebe7c072a53a9182bbc",2014-09-26,2014-03-23
"health","c81a5d5f87800ebe7c072a53a9182bbc",2014-08-03,2014-03-23
"health","c81a5d5f87800ebe7c072a53a9182bbc",2014-06-28,2014-03-23
"health","c81a5d5f87800ebe7c072a53a9182bbc",2014-05-27,2014-03-23
"health","c81a5d5f87800ebe7c072a53a9182bbc",2014-04-13,2014-03-23
"health","c81a5d5f87800ebe7c072a53a9182bbc",2014-04-13,2014-03-23
"health","c81a5d5f87800ebe7c072a53a9182bbc",2014-03-23,2014-03-23
"health","c88ecba27dfb8d4233b617e2385dcca8",2014-04-11,2014-04-11
"health","c8b3ea2608ead3b74bac7e1b8edcaa58",2014-03-19,2014-03-19
"health","c8eafdf8c7050467457cdfbee76f6c52",2014-04-28,2014-04-28
"health","c91ba4aa40878e0e97f3d2fff81b2388",2014-04-07,2014-04-07
"health","c968b2713994676079dc636cb1a8bc69",2014-03-20,2014-03-11
"health","c968b2713994676079dc636cb1a8bc69",2014-03-11,2014-03-11
"health","c96ea04fb22046809999dc6f127f2246",2014-03-25,2014-03-25
"health","c979061ad31aaea79b8531cd2dc7190a",2014-04-02,2014-04-02
"health","c99f78a3a5d4d0b36cbcad426025a6fc",2014-09-02,2014-03-31
"health","c99f78a3a5d4d0b36cbcad426025a6fc",2014-04-02,2014-03-31
"health","c99f78a3a5d4d0b36cbcad426025a6fc",2014-03-31,2014-03-31
"health","c9ce27a6d7806a59fb09cade36d66f7b",2014-04-16,2014-04-16
"health","caec979034e54d5c15b3b72d90d07afb",2014-04-09,2014-04-09
"health","cb20da89889eab8e8c7afe3c81ef9957",2014-03-06,2014-03-06
"health","cb741610dee26302fb68b577e38b400d",2014-04-25,2014-04-25
"health","cc34d1fc2645c66d20702ca972b06745",2014-08-25,2014-03-15
"health","cc34d1fc2645c66d20702ca972b06745",2014-03-15,2014-03-15
"health","cd31d26bb31a8d087b8f8387c87a277b",2014-06-04,2014-04-14
"health","cd31d26bb31a8d087b8f8387c87a277b",2014-05-21,2014-04-14
"health","cd31d26bb31a8d087b8f8387c87a277b",2014-05-08,2014-04-14
"health","cd31d26bb31a8d087b8f8387c87a277b",2014-04-14,2014-04-14
"health","cd55783196e534b20b0c24d4745d748c",2014-04-08,2014-04-08
"health","cd87d72331770a01be468377d6c5e21c",2014-03-26,2014-03-26
"health","cdb37c6ff9c59d2b8614907ec0c7ef7d",2014-07-24,2014-03-27
"health","cdb37c6ff9c59d2b8614907ec0c7ef7d",2014-04-30,2014-03-27
"health","cdb37c6ff9c59d2b8614907ec0c7ef7d",2014-03-27,2014-03-27
"health","cdce5db28aa1e9068d9bf62048379172",2014-05-20,2014-03-05
"health","cdce5db28aa1e9068d9bf62048379172",2014-03-05,2014-03-05
"health","ce1e36c216418796b714ee39f6c23efe",2014-04-05,2014-03-22
"health","ce1e36c216418796b714ee39f6c23efe",2014-03-25,2014-03-22
"health","ce1e36c216418796b714ee39f6c23efe",2014-03-22,2014-03-22
"health","cecd7804280c2329312f61326d8e0ae1",2014-03-23,2014-03-23
"health","cf4f3cd82955536b8b1b661377566120",2014-10-13,2014-04-12
"health","cf4f3cd82955536b8b1b661377566120",2014-04-12,2014-04-12
"health","cf964513c7700e5e995e112f21ec0999",2014-08-22,2014-03-30
"health","cf964513c7700e5e995e112f21ec0999",2014-03-30,2014-03-30
"health","cfb4155d6f9bdf54bb1fbdd4b5ced05e",2014-03-31,2014-03-31
"health","cff5b29258888ca44b4b3d2ffd9cc0f1",2014-03-27,2014-03-22
"health","cff5b29258888ca44b4b3d2ffd9cc0f1",2014-03-27,2014-03-22
"health","cff5b29258888ca44b4b3d2ffd9cc0f1",2014-03-22,2014-03-22
"health","cffa7f8cb74675b9ea4429962eaea001",2014-04-08,2014-04-08
"health","d03d46781c6da6df9ec8cf2cb72f3904",2014-04-16,2014-04-16
"health","d0e188ea329e6222da450909245be7c7",2014-04-24,2014-04-24
"health","d0e34d11b48f9cb9f2a448dcb2b4693e",2014-04-03,2014-04-03
"health","d10629193a747a7020a1e947fca3fe27",2014-04-14,2014-04-14
"health","d11d660300d52a313cafdd3630f534fa",2014-04-26,2014-04-26
"health","d122f07099a641efa45a6d43c4ef9fc4",2014-03-08,2014-03-08
"health","d18084d76b6af773386e25300d2a5c58",2014-04-30,2014-04-17
"health","d18084d76b6af773386e25300d2a5c58",2014-04-17,2014-04-17
"health","d1e82d000bcdb252674dd04afdecdd18",2014-04-24,2014-04-24
"health","d21cd1bc4dfc6b87eef61eb7838eefd3",2014-04-02,2014-04-02
"health","d24d322b20d9d9c67b34b0d4c456fbb3",2014-04-09,2014-04-06
"health","d24d322b20d9d9c67b34b0d4c456fbb3",2014-04-06,2014-04-06
"health","d26f39d5221a3ac60c70d9cf1f0cbdfd",2014-04-09,2014-04-09
"health","d28379f2396d61d599cb6987f30da213",2014-03-05,2014-03-05
"health","d2a902491c1d11e7bf3905d1f914699e",2014-03-31,2014-03-31
"health","d2db29e424a133c550228c7d43dc9073",2014-03-08,2014-03-08
"health","d2e932dc10629e93f41a6cdc57b275c5",2014-10-30,2014-04-27
"health","d2e932dc10629e93f41a6cdc57b275c5",2014-07-31,2014-04-27
"health","d2e932dc10629e93f41a6cdc57b275c5",2014-04-27,2014-04-27
"health","d30fb0ac12a6bcaae45c248f519eb886",2014-04-08,2014-04-08
"health","d31bbf2f7de69bd401c877552373adda",2014-03-26,2014-03-26
"health","d3c1f92aa6a3b45c7e258321eea415c3",2014-03-05,2014-03-05
"health","d3d1781b71e1f86d793bda14e8ccb1fb",2014-03-30,2014-03-30
"health","d40cdfdb0a6cdf2564a6b8b5444dc59f",2014-09-05,2014-03-13
"health","d40cdfdb0a6cdf2564a6b8b5444dc59f",2014-07-21,2014-03-13
"health","d40cdfdb0a6cdf2564a6b8b5444dc59f",2014-04-10,2014-03-13
"health","d40cdfdb0a6cdf2564a6b8b5444dc59f",2014-03-13,2014-03-13
"health","d42f04ac5a6a8078a091e4c36f132425",2014-03-31,2014-03-31
"health","d477fcf0194926a12bc77160ee30cbe6",2014-04-14,2014-04-14
"health","d48906d1e13263e37dcdc52164d548ff",2014-04-16,2014-04-16
"health","d5136d7a9069408409769216d0fbb257",2014-07-18,2014-03-09
"health","d5136d7a9069408409769216d0fbb257",2014-03-26,2014-03-09
"health","d5136d7a9069408409769216d0fbb257",2014-03-09,2014-03-09
"health","d5243f5f6da05d810303c31ee4364d29",2014-03-24,2014-03-24
"health","d525df77046c5e758f2de68188ce113f",2014-04-17,2014-04-17
"health","d52aeeffe6e24d43af6787186405f1c2",2014-04-01,2014-04-01
"health","d530d0be7897cea65b93639d52f4d6fe",2014-04-12,2014-04-12
"health","d53c0a6e55637168b10122a01e6655d8",2014-04-07,2014-04-07
"health","d5a90ba0f366e5fa93b86e520e9ce31a",2014-04-15,2014-04-15
"health","d5e2385e691e4302067e0f8dce9ca962",2014-07-08,2014-03-26
"health","d5e2385e691e4302067e0f8dce9ca962",2014-03-26,2014-03-26
"health","d6642193700f5e67deb83dd0844a806a",2014-04-25,2014-04-25
"health","d681f42abb9d1061209bc33670131a57",2014-04-17,2014-04-17
"health","d6c9e4267f72141e4113aaceeb189300",2014-04-22,2014-04-22
"health","d6d4a38e34f5efd8a45b56d01b161956",2014-03-15,2014-03-15
"health","d723ff56d69c7474709652345bf43bdf",2014-10-27,2014-04-01
"health","d723ff56d69c7474709652345bf43bdf",2014-07-25,2014-04-01
"health","d723ff56d69c7474709652345bf43bdf",2014-05-24,2014-04-01
"health","d723ff56d69c7474709652345bf43bdf",2014-04-01,2014-04-01
"health","d77cdfe8c90b6e23e86a2b482995376a",2014-10-20,2014-03-20
"health","d77cdfe8c90b6e23e86a2b482995376a",2014-06-09,2014-03-20
"health","d77cdfe8c90b6e23e86a2b482995376a",2014-04-30,2014-03-20
"health","d77cdfe8c90b6e23e86a2b482995376a",2014-03-20,2014-03-20
"health","d79f6f338048d1ff4e1071b9877f81f2",2014-04-15,2014-04-15
"health","d7bda7fa419e172bae48e84637f349e1",2014-04-01,2014-04-01
"health","d7cf361832eeb33050ed89724c48b38f",2014-04-22,2014-04-22
"health","d8add52ff7c55c60d47b6927351f1bad",2014-09-27,2014-04-26
"health","d8add52ff7c55c60d47b6927351f1bad",2014-09-03,2014-04-26
"health","d8add52ff7c55c60d47b6927351f1bad",2014-08-11,2014-04-26
"health","d8add52ff7c55c60d47b6927351f1bad",2014-07-21,2014-04-26
"health","d8add52ff7c55c60d47b6927351f1bad",2014-04-26,2014-04-26
"health","d8c904efeccb30b2690676833ba8e4fe",2014-03-24,2014-03-24
"health","d91135a84ec635f3be8fc2c8a3a63506",2014-03-28,2014-03-28
"health","d963f1f7385eefd4e6735c629c23671a",2014-03-12,2014-03-12
"health","da05e3db51c53102f02b933a65401703",2014-04-17,2014-04-17
"health","da05e3db51c53102f02b933a65401703",2014-04-17,2014-04-17
"health","da209173aed32096452a88afa4b92b17",2014-04-26,2014-04-26
"health","da781c1263390339310850ccb837243b",2014-04-08,2014-04-08
"health","da788d878941d5dae3ab89292d45a1b4",2014-03-26,2014-03-26
"health","da8bd3274b889145789f72f32f663b52",2014-03-12,2014-03-12
"health","dac2012bed6509d4c11f952fc0aa5d61",2014-04-07,2014-04-07
"health","dac22692f6117abd2ef0e1c6dfa8bee4",2014-04-21,2014-04-21
"health","db14553e72b0bdfd94493035338c51fe",2014-03-08,2014-03-08
"health","db1c0a08f7c09c93a52a21362a8e5c5a",2014-04-11,2014-04-11
"health","db3c9042aae833cefc55767bf87175ba",2014-04-22,2014-04-22
"health","db70421a5c2fff11a40d68bd9ce7811a",2014-03-31,2014-03-31
"health","db92de01992663e9bb4ac7bb6943f1d0",2014-04-14,2014-03-26
"health","db92de01992663e9bb4ac7bb6943f1d0",2014-03-26,2014-03-26
"health","dbb950de532eb5055761bcbba6b54340",2014-04-17,2014-04-17
"health","dbc88d195f022675823bab5b1aefe4bf",2014-04-06,2014-04-06
"health","dbc903fb31ac61ec2d81e381161fdf3b",2014-04-15,2014-04-15
"health","dc27bc40b167b42bb68ea9a405da3872",2014-03-08,2014-03-08
"health","dc3e2071e34189a0ae7d64cbbd51028f",2014-04-28,2014-04-28
"health","dc4d19a85d20040844922cb519ae1900",2014-04-04,2014-04-04
"health","dc6414f4bded8a766955c7937c1c4636",2014-03-21,2014-03-21
"health","dc94f8c027a1773333415809d38b45d7",2014-03-07,2014-03-07
"health","dd29f16746d4412f5aa2878a1c94a8e2",2014-04-15,2014-04-15
"health","dd50705ea159ee317210e4d95523cd09",2014-04-15,2014-04-15
"health","dd5e3ff366eed4e130fdb711049829fa",2014-04-09,2014-04-09
"health","dd8d704561bfe56f7e1f146b4e1c5768",2014-03-26,2014-03-26
"health","dda0a5d414d4548b3ac8268e0c2bc144",2014-04-25,2014-04-25
"health","ddaacd077b47774b2644c2b7ed801a51",2014-04-22,2014-04-22
"health","de0bcaedf3d6d8dee9638abfde007b14",2014-07-27,2014-04-30
"health","de0bcaedf3d6d8dee9638abfde007b14",2014-07-01,2014-04-30
"health","de0bcaedf3d6d8dee9638abfde007b14",2014-06-11,2014-04-30
"health","de0bcaedf3d6d8dee9638abfde007b14",2014-05-25,2014-04-30
"health","de0bcaedf3d6d8dee9638abfde007b14",2014-04-30,2014-04-30
"health","de45c378110409cde40a8110bba54647",2014-07-14,2014-04-30
"health","de45c378110409cde40a8110bba54647",2014-04-30,2014-04-30
"health","dec98214788fcf0ef0d2bde6b7f1d0b4",2014-03-13,2014-03-13
"health","def03d93d697de9e9674310781237716",2014-04-07,2014-04-07
"health","df45e8a27187d8854c9eb3d066f6f19a",2014-03-11,2014-03-11
"health","df7e6598dcdeefdab3376e002a163e12",2014-04-06,2014-04-06
"health","df94a84ba57f905828ec944dc3f1a86c",2014-04-11,2014-04-11
"health","df94a84ba57f905828ec944dc3f1a86c",2014-04-11,2014-04-11
"health","dfb369c0594a26fa46f01bbd8c9cd267",2014-03-16,2014-03-16
"health","dff02074e93351911a6100f34bad2692",2014-03-17,2014-03-17
"health","dff917686cd68fd26611a21a5bfdb124",2014-03-18,2014-03-18
"health","e08868738fbcf4faba3b77d9370ad63f",2014-04-15,2014-04-15
"health","e0888fcb94aa36f126d6b8f96e65690f",2014-04-17,2014-04-17
"health","e08a98eab3645dcace0de5bccdd83565",2014-09-29,2014-04-28
"health","e08a98eab3645dcace0de5bccdd83565",2014-04-28,2014-04-28
"health","e08fe112880b3f5f7817964809d67fa3",2014-10-22,2014-04-01
"health","e08fe112880b3f5f7817964809d67fa3",2014-06-16,2014-04-01
"health","e08fe112880b3f5f7817964809d67fa3",2014-05-06,2014-04-01
"health","e08fe112880b3f5f7817964809d67fa3",2014-04-01,2014-04-01
"health","e0a7c8bc577d56add0ceba411cbe1678",2014-03-13,2014-03-13
"health","e0b8618c658e07c3020b34628b222332",2014-03-31,2014-03-31
"health","e0d4afa3895c193c1c6275052c88417b",2014-08-08,2014-04-04
"health","e0d4afa3895c193c1c6275052c88417b",2014-04-04,2014-04-04
"health","e128da2a19ba12beef56f424b3582df9",2014-04-03,2014-04-03
"health","e1d8c4616988d84d03e331a04131fd43",2014-03-16,2014-03-16
"health","e248ea1a085b70cf8eb431ba6154ff82",2014-04-10,2014-04-10
"health","e27601334c30778bb061775e04e69266",2014-04-23,2014-04-23
"health","e29c43774ad2fb01046b30103ac5a9f7",2014-04-04,2014-04-04
"health","e2a24d372fbe3e62bfb8f150d01ad370",2014-04-26,2014-04-26
"health","e2aa959ed9eeacc92d61963cfa98b260",2014-04-30,2014-04-30
"health","e38d462fdec1f54e5be44d2a6c013f32",2014-04-13,2014-04-05
"health","e38d462fdec1f54e5be44d2a6c013f32",2014-04-05,2014-04-05
"health","e39280b817d2aac95cf089ab447ec588",2014-04-17,2014-04-17
"health","e3a03a52f32c7c36428404d106d63068",2014-04-24,2014-04-24
"health","e3b73957298f90f2cd04ece41dd915a3",2014-03-31,2014-03-31
"health","e449df0e2ea57962314b8c025da1073c",2014-04-30,2014-04-30
"health","e4698effdb62f85f2dfc340ec919db88",2014-03-06,2014-03-06
"health","e487540e8102e99b8b5aa23f955dd4ea",2014-04-29,2014-04-29
"health","e4b763a9a6956f0c51426edd921e35ba",2014-03-22,2014-03-22
"health","e4df2a26e104cac23de78552025279f2",2014-04-04,2014-04-04
"health","e516552eb81d2fde2583a1f80f64b8b6",2014-03-30,2014-03-30
"health","e54611a8d1cc1aebde2e7026453fd728",2014-03-30,2014-03-30
"health","e5d1b6ef3a0b0d3d559f0f6c60f7127b",2014-04-10,2014-04-10
"health","e5e1aa49c9b86d22b0304ec7ca702abc",2014-10-19,2014-04-30
"health","e5e1aa49c9b86d22b0304ec7ca702abc",2014-04-30,2014-04-30
"health","e62074fb93f96b85f0f2a12d2d635b5d",2014-08-07,2014-03-10
"health","e62074fb93f96b85f0f2a12d2d635b5d",2014-06-27,2014-03-10
"health","e62074fb93f96b85f0f2a12d2d635b5d",2014-05-01,2014-03-10
"health","e62074fb93f96b85f0f2a12d2d635b5d",2014-04-30,2014-03-10
"health","e62074fb93f96b85f0f2a12d2d635b5d",2014-04-26,2014-03-10
"health","e62074fb93f96b85f0f2a12d2d635b5d",2014-03-10,2014-03-10
"health","e629608701bf1faaf5fb6aa9cdafc248",2014-03-17,2014-03-17
"health","e66c89e06adf068244d38a29c03d0245",2014-06-02,2014-04-24
"health","e66c89e06adf068244d38a29c03d0245",2014-04-24,2014-04-24
"health","e6a9bbf4a6caa5f0fb53144e961e56d4",2014-07-16,2014-03-08
"health","e6a9bbf4a6caa5f0fb53144e961e56d4",2014-06-15,2014-03-08
"health","e6a9bbf4a6caa5f0fb53144e961e56d4",2014-03-08,2014-03-08
"health","e7c699e3e97304dc2620ad87140e9d70",2014-04-17,2014-04-17
"health","e84efe94b1100e65ed1bae791856c9cf",2014-10-22,2014-03-17
"health","e84efe94b1100e65ed1bae791856c9cf",2014-03-17,2014-03-17
"health","e855414de35e33c49077e2b4bd107044",2014-10-24,2014-04-06
"health","e855414de35e33c49077e2b4bd107044",2014-06-09,2014-04-06
"health","e855414de35e33c49077e2b4bd107044",2014-04-14,2014-04-06
"health","e855414de35e33c49077e2b4bd107044",2014-04-06,2014-04-06
"health","e875906b94fe94213b1fb3609a8879ee",2014-03-24,2014-03-24
"health","e8959745e5d5f62be1981add9ec8da2b",2014-03-27,2014-03-27
"health","e8e6b274dd54018242fc8ed49fbfbf0c",2014-03-22,2014-03-22
"health","e8e9bd8d8cdc57ae3b0cd66d9fec57d3",2014-04-15,2014-04-15
"health","e91a8a68fe473ad6d3b167da6654b1f4",2014-04-11,2014-04-11
"health","e92994a869d8a8c28e98d93ce4ccb0f7",2014-06-20,2014-04-05
"health","e92994a869d8a8c28e98d93ce4ccb0f7",2014-04-05,2014-04-05
"health","e92d40ff02fe8d5fcc6db0bc80bedbf1",2014-04-23,2014-04-23
"health","e9889139ff59191cd2f24b10afd312a7",2014-04-24,2014-04-24
"health","e9b69a41dd54d69af1356c0d61c44d38",2014-03-04,2014-03-04
"health","e9bed6f34ffef869dfcd445631e6593d",2014-07-11,2014-04-09
"health","e9bed6f34ffef869dfcd445631e6593d",2014-04-09,2014-04-09
"health","ea1e1c5ac53d384edc45c069994fb45f",2014-04-29,2014-04-29
"health","ea2b50674d49583b461024aec850eb76",2014-04-01,2014-04-01
"health","eadd82b9aa70a66137db43cc97596f2d",2014-03-17,2014-03-17
"health","eaeb8005bc9de0837d1734b5e63cfaf6",2014-03-15,2014-03-15
"health","eaefaf6ddbfba8d3e669f3b40613f9cb",2014-04-05,2014-04-05
"health","eb37cf8bfd1531954a7fff58560dd49c",2014-04-05,2014-04-05
"health","eb4aaf8c04df9483a8c6d602497d6411",2014-04-18,2014-04-18
"health","eb837be38181c3646e580d1373500b80",2014-03-26,2014-03-26
"health","ebb98e93a000056654091a052890c428",2014-04-30,2014-04-30
"health","ebc5664e54392728b70e05a4a7314082",2014-08-27,2014-04-04
"health","ebc5664e54392728b70e05a4a7314082",2014-04-04,2014-04-04
"health","ebffcaf75186b893fefdc97ba320b042",2014-05-04,2014-03-29
"health","ebffcaf75186b893fefdc97ba320b042",2014-03-29,2014-03-29
"health","ec683bf21f6d7b3db82234e8d34e261e",2014-04-22,2014-04-22
"health","ed7045e088c65d505a2386d8d5c8c18a",2014-03-04,2014-03-04
"health","edd6bfae6cf5404937b84b3b8b47bf50",2014-04-13,2014-04-13
"health","ee340e888492be0703f2bcc9abfb390c",2014-04-18,2014-04-18
"health","ee590850877c49a4c4c5be9954fd9a48",2014-08-23,2014-04-01
"health","ee590850877c49a4c4c5be9954fd9a48",2014-04-01,2014-04-01
"health","ee707ba1aa9b823d0a2f3b1967c284fe",2014-04-09,2014-04-09
"health","ee728d271324ef5e8eeb0c7d1d22966b",2014-04-15,2014-04-15
"health","ee85eeb35c7cf9fcfcda75039800d197",2014-04-15,2014-04-15
"health","ef021bb0855f7ea160b9cc7bab697daf",2014-10-20,2014-03-04
"health","ef021bb0855f7ea160b9cc7bab697daf",2014-09-17,2014-03-04
"health","ef021bb0855f7ea160b9cc7bab697daf",2014-04-28,2014-03-04
"health","ef021bb0855f7ea160b9cc7bab697daf",2014-03-04,2014-03-04
"health","ef4806146a827d0458ec86e5c7c10475",2014-04-06,2014-04-06
"health","ef5450dc1ef4d0761f031746cac66186",2014-03-20,2014-03-20
"health","ef5d2e4fda28604cfecd9dc07b97a54d",2014-04-26,2014-04-26
"health","ef79dbff6cdc1776c9957c8ae368a6bf",2014-03-09,2014-03-09
"health","f01e1cc8148535d229c7363cd4d8ee83",2014-03-09,2014-03-09
"health","f024a39e4f6f94e5278b222baf94563a",2014-10-15,2014-03-10
"health","f024a39e4f6f94e5278b222baf94563a",2014-09-17,2014-03-10
"health","f024a39e4f6f94e5278b222baf94563a",2014-07-28,2014-03-10
"health","f024a39e4f6f94e5278b222baf94563a",2014-04-16,2014-03-10
"health","f024a39e4f6f94e5278b222baf94563a",2014-03-10,2014-03-10
"health","f03b3dd15c500cacd866878286cbb3ba",2014-08-09,2014-04-09
"health","f03b3dd15c500cacd866878286cbb3ba",2014-06-01,2014-04-09
"health","f03b3dd15c500cacd866878286cbb3ba",2014-04-09,2014-04-09
"health","f0b45f476add0e54e50eecc9407f229c",2014-05-16,2014-03-06
"health","f0b45f476add0e54e50eecc9407f229c",2014-05-09,2014-03-06
"health","f0b45f476add0e54e50eecc9407f229c",2014-04-03,2014-03-06
"health","f0b45f476add0e54e50eecc9407f229c",2014-03-06,2014-03-06
"health","f197d85c845fa8eee9f92df98713de51",2014-04-22,2014-04-22
"health","f1ee27c6bfbc06f75c227a1506337cf4",2014-09-25,2014-04-02
"health","f1ee27c6bfbc06f75c227a1506337cf4",2014-04-02,2014-04-02
"health","f1fdfc18963874e15fca39c577070439",2014-03-24,2014-03-24
"health","f212e9faeebe897020c3db27185569d5",2014-07-16,2014-04-14
"health","f212e9faeebe897020c3db27185569d5",2014-04-14,2014-04-14
"health","f2c92f57056fcbdac2b2bb791c1430e3",2014-04-19,2014-04-19
"health","f2fe80de336b740b2edb8c5cf2c6903e",2014-03-18,2014-03-18
"health","f30cc079b2ee4bacdf1f3489209c686c",2014-06-12,2014-03-26
"health","f30cc079b2ee4bacdf1f3489209c686c",2014-03-26,2014-03-26
"health","f362357dd2cec4d56f9c82f09510e56c",2014-05-21,2014-03-14
"health","f362357dd2cec4d56f9c82f09510e56c",2014-03-27,2014-03-14
"health","f362357dd2cec4d56f9c82f09510e56c",2014-03-14,2014-03-14
"health","f37b7e7ca6356144e11ac11c59186f39",2014-03-14,2014-03-14
"health","f3ab4cd5978223f539adb36c67c263e1",2014-04-25,2014-04-25
"health","f3b9cb78b32d140875a00e9fadfed966",2014-04-09,2014-04-09
"health","f44febbaa483ebb6b7cd34e9857aa8da",2014-04-26,2014-04-26
"health","f48b20c91cedd99ffa4536038d52b1b1",2014-04-26,2014-04-26
"health","f4ac00cc4ff1008d056500a78280c345",2014-03-23,2014-03-23
"health","f4e58b642b354954b8da600ad4a2db9e",2014-03-25,2014-03-25
"health","f506108f8ef961781a9871bfa88bf674",2014-03-29,2014-03-25
"health","f506108f8ef961781a9871bfa88bf674",2014-03-25,2014-03-25
"health","f539d9c823c06c768abaf19b60dbe135",2014-04-05,2014-04-05
"health","f53a19f65398f8e8a63daf954480572d",2014-03-12,2014-03-12
"health","f5867d8a7683508ebd61d5ebeba9812f",2014-04-15,2014-04-15
"health","f5b43b9add427000fef4f0b4c48db321",2014-03-23,2014-03-23
"health","f601469c59db8e4c557bf3acadc68c26",2014-04-23,2014-04-23
"health","f6092e9f237ab8f92df8868ff9ecb572",2014-03-16,2014-03-16
"health","f61e807b147f18a40590445069d2f8bc",2014-04-03,2014-04-03
"health","f6202db95b179649768fced38514a526",2014-03-22,2014-03-22
"health","f627054fb8fee71f5615c54cbc7f8733",2014-03-26,2014-03-26
"health","f6374ad0c3a27cd3961847fb3faf6985",2014-04-03,2014-04-03
"health","f68da98a8fca1937db4720e4ea545d7b",2014-08-29,2014-04-11
"health","f68da98a8fca1937db4720e4ea545d7b",2014-06-18,2014-04-11
"health","f68da98a8fca1937db4720e4ea545d7b",2014-04-11,2014-04-11
"health","f75a13b4d0c014ec730311f8667763ed",2014-03-06,2014-03-06
"health","f78c239733e4f709325e6db2ed9fd83d",2014-04-09,2014-04-09
"health","f80742a50959473dba8ace3531c6da25",2014-03-09,2014-03-09
"health","f84988fe839ea154b7a2141b5050f7ee",2014-03-27,2014-03-27
"health","f85018ea0833a067ce65faf4b2451e91",2014-03-07,2014-03-07
"health","f8dea0577592c413bdbae126349ed62d",2014-03-25,2014-03-25
"health","f91dcee8d88d4ecb6ee8017561e1d3ea",2014-04-29,2014-04-29
"health","f9345ff1ac397f45d60e8bf7533c5cf0",2014-06-05,2014-04-07
"health","f9345ff1ac397f45d60e8bf7533c5cf0",2014-04-07,2014-04-07
"health","f934be31096b0662020eedfaee7b733f",2014-04-11,2014-04-11
"health","fa360c03d33dfcab987fb9a723fb7c06",2014-03-31,2014-03-31
"health","fa94ec4502af4ef163f95f96a3f878b3",2014-04-19,2014-04-09
"health","fa94ec4502af4ef163f95f96a3f878b3",2014-04-09,2014-04-09
"health","fa9d3be273457735231dad2195d0a44c",2014-04-29,2014-04-29
"health","fac2b1761ac4266481b45cb3c9eed36d",2014-04-03,2014-04-03
"health","facec54340fcc027741089161f7fcdbc",2014-10-31,2014-04-07
"health","facec54340fcc027741089161f7fcdbc",2014-07-02,2014-04-07
"health","facec54340fcc027741089161f7fcdbc",2014-04-07,2014-04-07
"health","fb5756e0cc4b00ac02f8b3b33eead72f",2014-04-05,2014-04-05
"health","fb609ad5ac3700039e079abf21ed7bfc",2014-04-03,2014-04-03
"health","fbd0edcb1bd3a1e0497cdfd8eee63fd7",2014-03-28,2014-03-28
"health","fbf3014426a06a7d665a370476e9a5d8",2014-03-27,2014-03-27
"health","fc0612c7448a0439eae2ee871e085701",2014-04-29,2014-04-29
"health","fc28b79aaa997e22bbef9d42a944fdb8",2014-03-22,2014-03-06
"health","fc28b79aaa997e22bbef9d42a944fdb8",2014-03-06,2014-03-06
"health","fc587f76c08a0ec0c3e93fe22a6ef649",2014-04-14,2014-04-14
"health","fc854ebd0544788692b2530a82f6c0c4",2014-03-18,2014-03-18
"health","fcafdd0344ed6d5b09e2cb654ac39342",2014-03-09,2014-03-09
"health","fcb2fc81a90d259d7034efe7f4679a09",2014-10-25,2014-04-30
"health","fcb2fc81a90d259d7034efe7f4679a09",2014-04-30,2014-04-30
"health","fcc4235b1b88071c1a5c1777b5c0645c",2014-04-02,2014-04-02
"health","fccc9ed5616e29234533ff4e78212561",2014-04-13,2014-04-13
"health","fcdd7025ff233181f7699dab09a19053",2014-04-07,2014-04-07
"health","fd1796328659936e0194b7a238ada599",2014-04-18,2014-04-18
"health","fd4856e3f6e37e89583800206dc8940f",2014-03-13,2014-03-13
"health","fd9ae15168f61d03e7a2d24f7d9dfb13",2014-03-25,2014-03-25
"health","fe441ff2a26a48a1f52a5312ff52fc3d",2014-03-07,2014-03-07
"health","fe51d712f5a6cb89fb0a4105308d6b15",2014-04-15,2014-04-15
"health","ff64093b3c25d28a8c0fc6000dc79317",2014-04-06,2014-04-06
"health","ffd618ff30c6db579201889a153ca871",2014-04-07,2014-04-07
"health","ffe0cce86c26bd5ae371cb79089f329f",2014-04-01,2014-04-01
