"cust","date","amt"
5488,2009-04-19,98
5488,2009-04-28,19
5488,2009-05-22,78
5488,2009-06-02,48
5571,2009-04-05,138
5572,2009-04-08,153
5572,2009-05-12,530
5572,2009-05-19,0
5572,2009-06-29,276
5572,2009-07-31,98
5572,2009-09-05,49
5572,2009-09-23,39
5572,2009-10-26,231
5572,2009-12-11,148
5572,2010-04-16,275.8
5574,2009-04-05,177
5575,2009-04-16,49
5583,2009-04-02,69
5585,2009-04-04,81
5585,2009-06-26,157
5588,2009-04-04,725.5
5588,2009-05-19,171
5589,2009-04-04,89
5590,2009-04-07,246
5594,2009-04-07,49
5594,2009-06-04,107
5599,2009-04-03,162
5599,2009-04-14,175
5599,2009-04-19,69
5599,2009-05-04,38
5599,2009-06-20,189
5611,2009-04-03,138
5611,2009-11-09,169
5611,2010-01-11,89
5611,2010-01-19,35
5612,2009-04-07,89
5612,2009-12-31,298
5614,2009-04-02,142.5
5614,2009-06-05,79
5614,2010-03-17,218
5617,2009-04-05,99
5617,2009-04-11,39
5617,2009-06-14,217
5617,2010-01-28,139
5617,2010-04-13,138
5626,2009-04-05,230
5626,2009-04-23,198
5626,2009-10-13,154
5626,2009-10-19,168
5626,2009-10-29,29
5626,2010-01-24,49
5626,2010-01-25,59
5626,2010-01-28,104
5628,2009-04-09,29
5629,2009-04-09,241
5629,2009-04-15,48.9
5630,2009-04-17,307
5630,2009-05-05,99
5630,2009-10-28,495
5630,2010-04-02,218
5630,2010-04-14,227
5631,2009-04-25,248
5632,2009-04-14,265
5632,2009-09-08,307
5632,2009-09-20,79
5633,2009-04-10,188
5633,2009-11-12,59
5634,2009-04-11,159
5634,2009-08-28,129
5634,2009-10-10,99
5634,2010-04-20,298
5635,2009-04-18,199
5635,2009-07-04,138
5636,2009-04-15,49
5636,2009-05-15,49
5637,2009-04-19,34
5639,2009-04-09,79
5640,2009-04-10,169
5640,2010-04-20,515
5640,2010-04-26,119
5641,2009-04-20,247
5641,2009-06-22,159
5641,2009-08-31,125.9
5642,2009-04-19,39.5
5642,2009-07-12,19
5643,2009-04-19,102
5643,2010-03-28,287
5644,2009-04-11,131
5645,2009-04-13,48
5646,2009-04-16,306
5647,2009-04-18,158
5647,2009-05-22,79
5647,2009-07-25,19
5647,2009-09-21,189
5647,2009-12-28,175
5647,2010-02-08,79
5650,2009-04-10,110
5651,2009-04-17,140
5651,2010-03-03,240
5654,2009-04-18,109
5654,2009-05-06,59
5654,2009-10-12,444
5654,2010-02-25,252
5655,2009-04-18,128
5655,2009-05-17,256
5655,2009-06-01,158
5655,2009-07-01,156
5655,2009-09-09,337
5655,2009-09-22,29
5655,2009-11-14,158
5655,2010-03-05,148
5656,2009-04-24,276
5656,2010-01-11,182
5656,2010-01-28,140
5656,2010-02-02,124
5656,2010-02-03,242
5656,2010-04-09,105
5657,2009-04-18,0
5657,2010-03-16,218
5659,2009-04-16,250
5659,2009-04-22,288
5659,2009-04-26,386
5659,2009-05-01,128
5659,2009-05-19,1032
5659,2009-05-28,99
5659,2009-06-14,88
5659,2009-06-21,443
5659,2009-08-09,429
5659,2009-11-10,533.7
5659,2009-12-09,346
5659,2010-02-20,1000.9
5659,2010-02-24,847
5659,2010-02-25,149
5659,2010-03-03,207.9
5659,2010-03-18,374
5661,2009-04-15,99
5661,2009-06-27,99
5661,2009-06-28,128
5662,2009-04-10,129
5662,2009-04-19,69.5
5662,2009-05-22,49
5662,2009-05-28,118
5662,2009-06-17,158
5662,2010-01-01,302
5662,2010-01-02,149
5662,2010-02-24,104
5664,2009-04-16,80
5666,2009-04-16,263
5666,2009-11-08,159
5667,2009-04-24,39
5668,2009-04-27,89
5670,2009-04-16,148
5670,2009-06-06,79
5670,2010-04-16,59
5673,2009-04-10,148
5677,2009-04-05,188
5678,2009-04-13,288
5678,2009-04-30,349
5678,2009-05-24,39
5678,2009-05-28,58
5678,2009-05-30,39
5678,2009-06-02,39
5678,2009-09-26,458
5678,2009-10-06,10
5678,2009-12-30,181.9
5678,2010-02-02,79
5682,2009-04-13,207
5682,2010-03-15,326
5684,2009-04-15,59
5685,2009-04-17,49
5686,2009-04-25,168
5686,2009-06-04,39
5686,2009-07-16,556
5686,2009-08-02,129
5686,2009-09-10,267
5686,2009-10-29,104
5686,2009-11-02,0
5686,2009-11-05,323.9
5686,2009-11-09,420
5686,2009-11-12,99
5686,2009-11-27,59
5686,2010-03-15,39
5686,2010-03-25,199
5686,2010-03-26,39
5686,2010-04-08,79
5687,2009-04-16,456
5687,2009-05-22,79
5687,2009-08-29,115.9
5687,2009-09-05,137
5687,2009-11-15,138
5687,2009-12-15,258
5687,2010-01-21,99
5688,2009-04-21,89
5689,2009-04-23,127
5689,2009-05-29,783
5689,2009-09-21,366
5689,2009-10-10,298
5689,2009-10-14,605
5689,2009-10-19,79
5689,2009-10-26,377
5689,2009-10-29,0
5689,2009-11-23,641.8
5689,2010-01-05,119
5689,2010-03-19,357
5689,2010-03-29,139
5690,2009-04-12,128
5716,2009-04-27,178
5716,2009-05-26,49
5716,2009-08-16,138
5716,2009-09-08,19
5716,2009-11-14,308
5716,2010-01-09,41
5719,2009-04-30,277
5719,2009-10-21,164
5719,2010-01-24,452
5719,2010-03-20,375
5720,2009-04-30,128
5723,2009-04-29,218
5723,2010-03-02,219
5723,2010-03-15,199
5724,2009-04-29,3
5724,2009-04-30,138
5724,2009-06-18,34
5724,2009-07-20,59
5724,2009-11-03,207
5737,2009-04-30,60
5738,2009-04-30,360
5739,2009-04-29,237
5739,2009-05-14,89
5743,2009-04-30,79
5743,2009-06-20,29
5923,2009-04-12,166
5923,2009-05-14,80
5923,2010-04-11,315.8
6006,2009-04-14,69
6006,2009-09-15,138
6006,2009-10-03,99
6006,2009-11-05,79
6006,2010-03-17,177
6024,2009-04-08,268
6039,2009-04-23,208
6039,2009-05-31,136.9
6039,2009-08-22,91
6039,2009-09-22,167
6039,2009-11-24,147
6039,2010-02-19,79
6210,2009-04-17,23
6228,2009-04-23,148
6259,2009-04-10,166
6259,2009-05-16,177
6259,2009-07-31,93
6259,2009-09-08,134
6265,2009-04-12,599
6265,2009-05-22,258
6265,2009-07-30,616
6265,2009-10-15,0
6265,2009-10-20,780
6265,2009-10-23,405
6265,2009-12-10,322
6368,2009-04-05,208
6368,2009-05-29,53.5
6368,2009-05-30,83.5
6368,2010-04-22,119
6399,2009-04-14,154
6535,2009-04-15,39
6535,2009-11-24,128
6544,2009-04-15,137
6544,2009-05-03,49
6544,2009-05-17,39
6544,2009-10-08,25
6771,2009-04-16,69
7154,2009-04-06,217
7154,2009-06-27,158
7359,2009-04-08,119
7359,2009-04-27,49
7359,2009-05-06,191
7359,2009-06-29,29
7359,2009-06-30,185
7361,2009-04-05,206
7361,2009-04-20,82
7361,2009-04-26,4
7361,2009-05-23,157
7361,2009-06-17,153
7361,2009-06-20,153.9
7361,2009-09-07,98
7361,2010-03-15,519
7361,2010-03-26,107.9
7361,2010-03-27,49
7361,2010-03-29,139
7366,2009-04-09,99
7369,2009-04-01,99
7369,2009-04-02,59
7369,2009-06-04,59
7369,2009-06-10,59
7369,2009-06-14,49
7369,2009-07-19,69
7369,2009-07-25,39
7369,2009-07-26,19
7369,2009-08-16,59
7369,2009-10-20,59
7369,2009-10-22,59
7369,2010-03-11,79
7369,2010-03-12,188
7369,2010-03-13,39
7373,2009-04-03,305
7373,2009-05-14,60
7373,2009-06-10,358
7373,2009-07-05,120
7373,2009-08-01,414.9
7373,2009-10-21,39
7373,2009-11-03,389.9
7373,2009-12-10,41
7373,2010-01-05,171
7373,2010-01-08,161
7373,2010-01-29,328
7373,2010-04-02,98
7373,2010-04-26,299
7374,2009-04-02,135
7375,2009-04-02,158
7377,2009-04-06,99
7386,2009-04-02,138
7387,2009-04-07,128
7387,2009-04-13,39
7387,2009-07-19,108
7388,2009-04-06,178
7389,2009-04-09,227
7389,2010-01-13,185
7394,2009-04-06,62
7394,2009-04-21,100
7394,2009-05-06,157
7394,2009-05-21,216
7394,2009-06-02,225
7394,2009-06-21,235
7394,2009-06-22,5
7394,2009-06-23,153
7394,2009-06-30,64
7394,2009-07-20,77.9
7394,2009-07-28,164
7394,2009-08-06,49
7394,2009-10-11,114
7394,2009-10-14,39
7394,2009-10-31,339
7394,2009-11-04,74
7394,2009-12-20,29.9
7394,2010-03-11,19
7394,2010-03-13,89
7394,2010-03-17,199
7395,2009-04-08,79
7397,2009-04-03,159
7398,2009-04-05,88
7403,2009-04-08,89
7405,2009-04-03,158
7406,2009-04-09,256
7406,2009-04-18,319
7406,2010-03-23,157
7406,2010-03-29,19
7409,2009-04-06,150
7409,2010-01-10,271
7414,2009-04-08,536
7414,2009-05-16,340
7414,2010-04-02,225
7426,2009-04-13,108
7426,2010-04-21,2097
7428,2009-04-13,253
7429,2009-04-11,49
7431,2009-04-17,48
7432,2009-04-17,224
7432,2009-05-13,202
7432,2009-11-05,101.9
7436,2009-04-11,99
7436,2009-04-30,167
7436,2009-08-16,209
7436,2009-08-18,59
7436,2009-08-19,68.8
7436,2009-09-26,69
7439,2009-04-18,39.5
7439,2009-12-25,42
7440,2009-04-14,176
7440,2009-04-15,167
7441,2009-04-12,79
7441,2010-03-07,377
7442,2009-04-21,99
7442,2009-05-03,157
7442,2009-05-27,362
7442,2009-07-13,149
7442,2009-08-05,29
7442,2009-08-06,105
7442,2009-08-31,246.9
7442,2009-09-10,277
7442,2009-09-18,79
7442,2009-09-21,268
7442,2009-09-23,59
7442,2009-10-13,173
7442,2009-11-02,298
7442,2009-11-06,129
7442,2009-11-11,259
7442,2009-11-13,0
7442,2009-11-23,29.9
7442,2009-12-05,29.9
7442,2009-12-13,418
7442,2009-12-20,97.8
7442,2010-01-08,69
7442,2010-02-09,89
7442,2010-02-24,164
7442,2010-04-04,49
7442,2010-04-18,637
7443,2009-04-18,163
7444,2009-04-10,161
7444,2009-05-05,78
7444,2009-05-06,1
7444,2009-05-19,185
7444,2009-07-08,279
7444,2009-07-12,376.6
7444,2009-07-15,7.9
7444,2009-07-24,245.8
7444,2009-09-04,223.9
7444,2009-12-11,125.8
7444,2009-12-25,307.7
7444,2009-12-31,163.9
7444,2010-01-08,708.8
7444,2010-01-15,135.9
7444,2010-01-25,87.9
7444,2010-03-16,213.9
7444,2010-03-19,14.8
7444,2010-03-28,186
7444,2010-04-20,349.9
7445,2009-04-15,265
7445,2009-04-29,49
7445,2009-05-13,388
7445,2009-05-22,288
7445,2009-05-27,618.8
7445,2009-06-03,361.3
7445,2009-06-11,19.9
7446,2009-04-15,29
7447,2009-04-15,167
7447,2009-06-12,423.9
7447,2009-06-22,49
7447,2009-07-03,108
7447,2009-09-07,168
7447,2009-09-21,193
7447,2009-10-12,178
7447,2009-10-30,58.9
7447,2010-03-16,49
7447,2010-04-09,358
7447,2010-04-12,0
7447,2010-04-14,208
7449,2009-04-18,78
7453,2009-04-11,262
7453,2009-05-30,109.9
7453,2009-08-23,443.4
7453,2009-10-15,642
7453,2009-10-29,412.7
7453,2009-10-30,259
7453,2009-11-07,345
7453,2009-11-10,292
7453,2009-11-13,442
7453,2009-11-16,79
7453,2009-11-19,218
7453,2010-01-01,1163.9
7453,2010-01-31,763
7453,2010-02-05,466
7453,2010-03-01,104.8
7453,2010-03-16,467.9
7453,2010-03-18,159
7453,2010-04-23,437
7455,2009-04-16,29
7458,2009-04-22,148
7459,2009-04-19,89
7459,2010-04-21,198
7460,2009-04-09,211
7462,2009-04-18,49
7462,2009-05-20,333
7462,2009-05-27,146
7462,2009-05-28,19
7462,2009-06-24,305
7462,2009-06-25,83
7463,2009-04-18,199
7467,2009-04-13,99
7467,2009-07-05,39
7467,2009-07-18,128
7468,2009-04-12,79
7469,2009-04-27,158
7469,2009-05-03,87
7469,2009-05-05,19
7469,2009-06-22,153
7470,2009-04-27,413
7473,2009-04-11,78
7473,2009-04-18,58
7474,2009-04-18,89
7475,2009-04-22,698
7475,2009-04-23,187
7475,2009-08-25,896
7475,2009-08-26,217
7475,2009-10-09,731
7475,2009-10-19,258
7475,2010-03-21,122
7475,2010-03-22,119
7475,2010-03-26,79
7476,2009-04-13,124
7476,2009-04-18,269
7477,2009-04-22,39
7477,2009-10-17,99
7477,2009-11-20,176
7477,2009-12-09,199
7478,2009-04-21,148
7478,2009-04-24,59
7478,2009-06-01,279
7478,2009-06-28,383
7478,2009-07-01,49
7478,2009-12-29,178
7479,2009-04-17,119
7479,2009-06-05,99
7482,2009-04-26,108
7482,2009-06-06,179
7482,2009-06-19,200
7482,2009-11-24,149
7485,2009-04-14,277
7486,2009-04-24,175.9
7487,2009-04-20,226
7487,2009-09-01,59
7488,2009-04-24,89
7491,2009-04-18,89
7491,2009-07-05,29
7491,2009-10-25,218
7492,2009-04-12,59
7493,2009-04-25,79
7495,2009-04-25,49
7495,2009-05-11,108
7495,2009-05-22,79
7496,2009-04-17,387
7496,2009-05-06,172
7496,2009-06-02,790.8
7497,2009-04-12,188
7497,2009-07-03,21
7497,2009-07-20,172
7497,2009-11-03,257
7497,2009-11-16,219
7512,2009-04-28,281
7512,2009-08-31,455.9
7512,2009-12-11,89
7517,2009-04-29,39
7517,2009-07-05,118
7517,2009-11-24,604
7519,2009-04-30,247
7558,2009-04-29,89
7559,2009-04-29,29
7559,2009-05-04,49
7680,2009-04-03,19
7680,2009-04-14,3
7680,2009-05-04,3
7680,2009-06-20,25
7732,2009-04-04,89
7734,2009-04-14,175
7905,2009-04-19,79
7918,2009-04-15,78
7918,2009-04-21,78
7923,2009-04-10,177
7963,2009-04-10,119
7969,2009-04-05,69
7999,2009-04-09,188
7999,2009-07-31,197.9
7999,2010-02-19,105.9
8027,2009-04-01,19
8027,2009-04-27,22
8103,2009-04-25,277
8268,2009-04-12,110
8268,2009-06-29,44
8268,2009-07-05,131
8268,2009-07-26,42
8268,2009-08-13,58
8268,2009-08-31,119
8268,2009-09-05,172
8268,2009-09-15,122
8268,2009-10-05,197
8268,2009-11-11,88
8268,2009-12-18,87
8268,2010-01-10,29.9
8268,2010-01-11,19
8268,2010-01-23,75
8268,2010-02-25,39
8268,2010-03-07,53
8268,2010-03-27,88
8268,2010-04-02,59
8268,2010-04-05,79
8324,2009-04-24,171.9
8324,2009-09-27,176
8324,2009-10-27,307
8324,2009-11-04,323
8324,2009-12-05,176
8324,2009-12-10,153
8324,2009-12-19,188
8324,2010-01-20,117
8324,2010-02-16,132
8385,2009-04-12,59
8385,2009-04-17,59
8385,2009-07-18,103
8443,2009-04-27,387
8443,2009-09-25,127
8443,2009-11-11,156.9
8449,2009-04-02,62
8449,2009-11-18,268
8449,2009-11-20,307
8457,2009-04-04,79
8457,2009-04-09,39
8457,2009-05-18,99
8457,2009-06-17,127
8457,2009-06-23,45
8457,2009-09-09,108
8457,2009-10-01,25
8457,2009-10-08,29
8457,2009-11-29,109
8457,2010-01-08,69
8457,2010-01-23,79
8457,2010-02-09,39
8457,2010-03-14,107.5
8500,2009-04-16,158
8500,2009-07-17,113
8500,2009-12-30,164
8500,2010-02-07,168
9210,2009-04-12,49
9210,2009-05-04,59
9228,2009-04-07,179
9228,2009-06-04,38
9254,2009-04-09,49
9308,2009-04-07,190
9397,2009-04-30,264
9397,2009-05-22,253
9397,2009-11-24,150.8
9397,2009-12-29,277
9400,2009-04-20,98
9401,2009-04-02,177
9401,2009-05-05,26
9428,2009-04-05,208
9428,2009-06-29,435
9434,2009-04-01,114
9437,2009-04-01,188
9439,2009-04-07,380
9439,2009-04-09,39
9439,2009-04-17,29
9440,2009-04-07,99
9454,2009-04-09,63
9465,2009-04-02,128
9465,2009-06-10,88
9465,2009-06-30,49
9465,2009-09-13,387
9465,2009-11-22,379
9465,2009-12-27,295
9471,2009-04-06,376
9472,2009-04-06,59
9476,2009-04-02,29
9478,2009-04-06,59
9478,2009-04-07,99
9478,2009-05-07,89
9478,2009-12-26,49
9479,2009-04-24,208.9
9482,2009-04-18,299
9482,2009-11-27,129
9483,2009-04-15,208
9483,2009-09-03,291.9
9483,2009-09-11,12
9483,2009-12-25,296
9483,2010-02-03,59
9484,2009-04-20,417
9485,2009-04-18,178
9487,2009-04-21,178
9487,2009-05-24,139
9488,2009-04-26,59
9488,2009-06-28,59
9488,2009-08-07,101
9490,2009-04-09,168
9490,2009-06-26,327
9492,2009-04-12,39
9492,2009-06-01,49
9495,2009-04-19,61
9496,2009-04-12,39
9497,2009-04-25,59
9499,2009-04-25,484
9499,2009-05-18,461
9499,2009-05-23,461
9499,2009-05-24,68
9499,2009-05-28,78
9499,2009-05-29,190
9500,2009-04-26,119
9502,2009-04-22,227.5
9502,2009-05-19,108
9502,2009-07-18,66
9502,2009-09-25,135.9
9502,2010-04-09,159
9505,2009-04-25,49
9505,2009-06-17,59
9506,2009-04-19,139
9506,2010-04-20,238
9509,2009-04-13,89
9509,2009-09-20,210
9509,2009-11-14,29
9509,2009-11-17,68
9509,2009-11-23,39
9509,2009-12-09,308
9511,2009-04-13,58
9511,2009-04-20,107
9511,2009-07-30,117
9512,2009-04-18,69
9512,2009-06-26,79
9513,2009-04-12,19
9516,2009-04-23,81
9517,2009-04-22,79
9518,2009-04-09,148
9519,2009-04-10,218
9520,2009-04-18,258
9520,2009-08-24,277.9
9520,2009-09-18,13
9520,2009-09-22,118
9520,2009-10-21,282
9520,2009-11-18,78
9520,2009-11-23,258
9520,2009-12-01,183
9520,2009-12-15,321
9520,2010-02-08,365
9520,2010-04-22,230
9521,2009-04-26,69
9521,2009-05-03,49
9522,2009-04-14,48
9525,2009-04-26,49
9525,2009-11-19,155.9
9526,2009-04-15,101
9526,2009-06-08,147
9527,2009-04-19,39
9528,2009-04-17,79
9531,2009-04-26,181
9531,2009-08-20,79
9533,2009-04-12,500
9534,2009-04-10,39
9534,2010-03-10,39
9537,2009-04-10,178
9537,2009-05-18,98
9537,2009-09-21,79
9541,2009-04-14,48
9541,2009-04-20,127
9541,2009-04-21,88
9541,2009-06-10,71
9541,2009-06-11,87
9542,2009-04-25,89
9543,2009-04-11,89
9545,2009-04-22,168
9545,2009-05-11,207
9545,2009-05-19,59
9545,2009-06-04,304
9545,2009-10-12,158
9547,2009-04-25,29
9547,2009-07-24,69
9549,2009-04-11,228
9589,2009-04-27,49
9602,2009-04-28,102
9602,2009-05-28,351
9605,2009-04-30,99
9605,2009-06-06,157
9605,2009-07-25,108
9606,2009-04-29,307
9606,2009-06-08,287.9
9606,2009-06-11,153
9611,2009-04-30,29
9611,2010-03-26,112
9611,2010-04-21,19
9611,2010-04-24,29
9617,2009-04-29,39
9617,2010-02-15,69
9619,2009-04-05,274
9619,2009-08-16,161
9621,2009-04-28,69
9623,2009-04-30,169
9623,2009-09-28,148
9692,2009-04-16,59
9692,2009-04-20,119
9692,2009-07-16,78
9692,2009-08-04,39
9692,2009-08-19,141
9692,2009-11-28,19
9692,2009-12-04,39
9692,2010-01-20,158.9
9692,2010-04-13,153
9814,2009-04-13,111
9814,2009-04-22,59
9854,2009-04-01,54
9854,2009-04-15,69
9854,2009-04-16,79
9896,2009-04-28,187
9917,2009-04-10,167
9917,2009-04-29,177
9917,2009-05-21,181
9917,2009-12-30,78
9931,2009-04-05,280.9
9941,2009-04-11,69
9941,2009-06-07,69
9941,2009-06-21,29
9941,2010-01-31,359
9961,2009-04-15,334.8
9969,2009-04-17,187
10004,2009-04-02,347
10004,2009-05-12,158
10004,2009-05-14,305
10004,2009-09-08,515
10004,2009-10-09,470
10004,2009-10-15,219
10004,2009-11-05,398
10004,2009-11-18,127.9
10004,2009-11-19,69
10004,2009-12-30,339.6
10004,2010-01-08,49
10004,2010-02-23,365
10025,2009-04-13,226
10025,2009-04-23,273
10025,2009-05-06,477.9
10025,2009-05-13,270
10025,2009-05-14,571
10025,2009-05-17,185
10025,2009-05-27,835.9
10025,2009-05-30,256
10025,2009-06-02,256
10025,2009-06-04,69
10025,2009-06-06,279
10025,2009-06-17,268
10025,2009-06-26,215
10025,2009-07-03,180
10025,2009-08-03,308
10025,2009-08-13,622
10025,2009-08-24,231
10025,2009-09-03,304
10025,2009-09-04,62
10025,2009-09-05,423
10025,2009-09-08,102
10025,2009-09-12,152
10025,2009-09-14,187
10025,2009-09-17,40
10025,2009-09-21,263
10025,2009-09-24,316
10025,2009-10-10,98
10025,2009-10-19,300
10025,2010-01-26,277
10025,2010-03-23,44
10025,2010-03-31,302
10025,2010-04-06,300
10060,2009-04-21,306.9
10060,2009-06-02,167
10060,2009-06-03,168.9
10060,2009-07-25,304
10060,2009-12-30,108
10060,2010-01-09,108
10060,2010-01-26,121
10124,2009-04-21,334
10124,2009-06-25,88
10147,2009-04-29,274
10147,2009-07-09,168
10147,2009-07-27,137.9
10147,2009-09-15,254
10147,2009-11-29,154
10147,2009-12-02,175
10147,2009-12-03,124
10147,2009-12-04,159
10147,2009-12-10,108
10147,2009-12-11,250
10147,2009-12-17,49
10147,2009-12-22,49
10147,2009-12-23,149
10147,2009-12-25,53
10147,2009-12-27,49
10147,2010-02-05,164
10147,2010-02-08,302
10147,2010-02-22,168
10147,2010-02-23,69
10147,2010-02-26,133
10147,2010-03-16,88
10147,2010-03-20,58
10147,2010-03-26,117
10147,2010-04-13,29
10147,2010-04-21,136
10296,2009-04-04,253
10296,2009-04-29,265.9
10332,2009-04-19,296
10332,2010-02-07,125
10366,2009-04-16,159
10366,2009-04-27,158
10366,2009-06-24,489
10366,2009-06-30,118
10366,2009-08-05,117
10366,2009-08-13,38
10366,2009-11-08,123
10366,2009-11-17,49
10366,2009-12-14,29
10366,2009-12-21,196
10397,2009-04-12,177
10410,2009-04-15,258
10410,2009-11-19,167
11237,2009-04-04,108
11237,2009-05-08,108
11237,2009-08-18,238
11237,2009-08-27,306
11237,2010-02-26,179
11239,2009-04-08,89
11239,2009-04-30,49
11243,2009-04-01,189
11247,2009-04-09,159
11250,2009-04-06,69
11252,2009-04-08,59
11252,2009-09-14,89
11252,2009-09-15,496
11252,2010-03-31,49
11253,2009-04-05,60
11255,2009-04-08,29
11255,2009-07-07,88
11255,2009-09-22,336
11255,2010-02-04,224
11259,2009-04-13,501
11259,2009-04-18,208
11259,2009-04-22,59
11259,2009-04-30,256
11259,2009-05-10,0
11259,2009-05-11,118
11259,2009-05-13,316
11259,2009-05-18,90
11259,2009-06-06,49
11259,2009-07-17,77
11259,2009-07-21,198
11259,2009-07-27,413
11259,2009-07-28,255
11259,2009-08-03,190
11259,2009-08-10,33
11259,2009-09-27,39
11259,2009-09-30,179
11259,2009-10-29,398
11259,2009-11-16,0
11259,2010-01-28,212
11259,2010-03-30,148
11259,2010-04-12,22
11260,2009-04-09,68
11264,2009-04-01,325
11273,2009-04-02,147
11273,2009-04-07,148
11275,2009-04-04,69
11278,2009-04-02,355
11278,2009-04-16,228
11278,2009-04-22,287
11278,2009-06-06,29
11278,2009-06-24,99
11278,2009-06-28,99
11278,2009-08-24,59
11281,2009-04-04,89
11281,2009-08-23,169
11282,2009-04-01,388
11284,2009-04-08,99
11284,2009-04-10,19
11284,2009-05-28,29
11284,2010-02-12,29
11288,2009-04-01,158
11291,2009-04-11,109
11291,2009-06-29,128
11291,2009-08-11,84
11291,2009-08-12,88
11291,2009-08-22,118
11292,2009-04-24,216
11292,2009-08-12,633
11294,2009-04-12,438
11295,2009-04-15,79
11295,2009-11-07,309
11296,2009-04-27,256
11297,2009-04-21,128
11297,2009-05-18,138
11297,2010-03-13,99
11303,2009-04-27,148
11308,2009-04-14,49
11309,2009-04-19,346
11309,2009-09-19,59
11310,2009-04-12,99
11311,2009-04-25,141
11318,2009-04-10,110.9
11318,2009-05-12,129
11318,2009-10-27,415
11319,2009-04-15,59
11321,2009-04-23,129
11321,2009-10-16,108
11323,2009-04-13,168
11324,2009-04-20,328
11324,2009-12-26,183
11325,2009-04-14,406
11325,2009-04-15,119
11325,2010-04-01,436
11326,2009-04-19,67
11328,2009-04-14,216
11328,2009-09-01,69
11328,2009-10-18,109
11328,2009-11-17,49
11328,2009-12-09,160
11328,2009-12-28,132
11328,2010-01-11,35
11330,2009-04-10,119
11330,2009-06-26,118
11330,2009-06-28,147
11332,2009-04-21,89
11332,2009-12-05,344.9
11332,2010-03-29,158
11333,2009-04-12,89
11334,2009-04-27,59
11334,2009-08-16,35
11334,2010-01-01,83
11335,2009-04-21,89
11340,2009-04-27,148
11341,2009-04-16,89
11342,2009-04-26,58
11342,2009-12-25,181
11344,2009-04-17,686
11344,2009-04-18,39
11345,2009-04-27,38
11346,2009-04-23,49
11346,2010-01-23,45
11346,2010-03-15,168
11347,2009-04-23,296
11348,2009-04-25,39
11348,2009-06-07,79
11348,2009-09-25,30
11349,2009-04-18,89
11350,2009-04-13,159
11351,2009-04-20,59
11352,2009-04-13,178
11354,2009-04-21,159
11354,2009-05-20,139
11354,2009-06-12,108
11354,2009-07-30,104
11354,2009-12-28,167
11354,2010-02-17,12
11354,2010-04-09,376
11355,2009-04-15,167
11355,2010-01-26,461
11355,2010-04-07,288
11355,2010-04-11,79
11372,2009-04-28,177
11372,2009-05-14,320
11372,2009-05-16,111
11372,2009-06-01,137
11372,2009-06-05,301.9
11372,2009-06-30,271.9
11372,2009-07-01,29
11372,2009-08-10,57
11372,2009-08-19,39
11372,2009-08-27,153.5
11372,2009-09-07,267
11372,2009-09-09,49.8
11372,2009-09-10,247
11372,2009-09-15,24.9
11372,2009-09-30,108
11372,2009-10-10,128
11372,2009-10-13,284
11372,2009-11-09,367
11372,2010-03-02,248
11372,2010-03-12,58
11372,2010-03-13,186
11372,2010-03-15,100
11372,2010-04-09,0
11383,2009-04-28,78
11385,2009-04-28,229
11385,2009-06-03,49
11385,2009-06-15,167
11385,2009-06-22,118
11385,2009-08-27,99
11385,2009-10-10,168
11385,2009-10-21,29
11385,2009-11-10,399
11385,2009-12-20,239
11411,2009-04-30,79
11572,2009-04-03,49
11855,2009-04-22,152.3
11855,2009-05-28,150
11855,2009-08-20,97
11855,2009-09-16,58
11855,2009-10-30,609
11855,2010-03-10,585
11855,2010-03-20,192
11855,2010-04-06,335
11856,2009-04-22,144
11856,2009-04-24,49
11858,2009-04-22,928
11858,2009-04-30,179
11858,2009-06-08,170
11858,2010-01-28,422
11879,2009-04-30,29
11957,2009-04-10,68
11976,2009-04-28,191
12055,2009-04-11,143
12055,2009-07-25,111
12055,2009-12-26,361
12055,2010-02-18,68.5
12055,2010-03-18,164
12083,2009-04-19,155
12083,2009-05-23,151
12083,2009-10-10,249
12271,2009-04-25,196
12271,2009-11-13,256
12297,2009-04-10,330
12690,2009-04-09,213
12690,2009-04-12,199
12690,2009-05-11,198
12690,2009-07-10,218
12690,2009-08-11,212
12797,2009-04-13,98
12803,2009-04-18,130
12931,2009-04-17,208
13021,2009-04-04,188
13021,2009-04-09,164
13021,2009-04-29,155.9
13021,2009-05-02,39
13021,2009-07-15,126
13021,2009-08-05,94
13021,2009-08-07,19
13021,2009-10-07,68
13021,2009-12-06,118
13021,2010-03-23,148
13040,2009-04-23,147
13040,2009-05-26,29
13040,2009-10-12,174
13040,2009-10-15,69
13040,2009-11-26,88
13040,2010-02-26,101
13040,2010-03-02,113
13073,2009-04-06,248
13075,2009-04-06,29
13083,2009-04-08,158
13087,2009-04-02,90
13087,2010-02-28,159
13094,2009-04-07,49
13100,2009-04-01,29
13100,2009-10-13,49
13101,2009-04-09,50
13101,2009-04-15,49
13101,2009-08-01,99
13101,2009-10-06,59
13101,2009-12-06,348
13106,2009-04-08,69
13106,2009-06-16,118
13106,2010-01-15,84
13115,2009-04-08,69
13116,2009-04-07,99
13121,2009-04-07,172
13123,2009-04-08,59
13123,2009-04-16,168
13123,2009-05-06,15
13124,2009-04-14,194.9
13124,2009-05-20,59
13126,2009-04-17,29
13126,2009-04-23,29
13126,2009-06-15,60
13127,2009-04-19,109
13129,2009-04-13,78
13129,2009-04-22,85
13129,2009-04-24,89
13129,2009-06-06,59
13129,2009-06-20,39
13129,2009-07-01,89
13129,2009-09-19,148
13129,2009-10-01,59
13130,2009-04-16,178
13130,2009-04-17,268
13130,2009-04-20,118
13130,2009-04-27,149
13131,2009-04-13,128
13131,2009-05-02,79
13131,2009-05-09,39
13131,2009-06-02,287
13131,2009-07-25,130
13131,2009-12-11,89
13131,2010-02-01,70
13133,2009-04-21,101
13134,2009-04-22,39
13134,2009-06-09,49
13134,2009-08-29,119
13135,2009-04-16,79
13136,2009-04-24,159
13139,2009-04-18,39
13140,2009-04-18,80
13142,2009-04-12,49
13143,2009-04-09,68
13143,2009-04-14,39
13143,2009-06-02,101
13144,2009-04-22,137.9
13144,2009-05-18,266.1
13144,2009-06-05,159.2
13144,2009-06-19,156.9
13146,2009-04-24,69
13147,2009-04-14,557
13147,2009-06-12,169
13150,2009-04-24,79
13150,2009-11-17,107
13150,2010-03-28,88
13152,2009-04-26,198
13154,2009-04-19,69.5
13154,2009-05-07,89
13154,2009-05-16,267
13154,2009-06-14,29
13154,2009-06-27,49
13154,2009-08-23,138
13154,2009-08-30,89
13154,2009-09-15,119
13154,2009-10-02,29
13154,2009-10-28,99
13154,2009-11-12,308
13154,2010-02-21,139
13154,2010-02-22,228
13154,2010-03-10,49
13154,2010-03-20,49
13155,2009-04-19,78
13155,2009-04-23,49
13155,2009-07-08,195
13155,2009-07-18,79
13155,2009-08-11,196
13155,2009-09-29,108
13155,2009-10-02,78
13157,2009-04-11,29
13157,2009-04-13,2
13157,2009-06-15,100
13159,2009-04-12,69
13160,2009-04-24,108
13160,2009-04-25,2
13160,2009-11-01,29
13160,2009-11-05,44
13160,2009-11-20,269
13160,2009-12-18,252.8
13165,2009-04-20,49
13165,2009-05-23,89
13167,2009-04-26,118
13167,2009-09-27,158
13167,2010-02-09,134
13168,2009-04-15,67.9
13168,2009-04-29,19.9
13169,2009-04-10,258
13171,2009-04-23,68
13173,2009-04-10,432.9
13174,2009-04-10,415
13175,2009-04-24,98
13175,2009-05-22,118
13175,2009-06-26,73
13177,2009-04-22,99
13179,2009-04-14,150
13180,2009-04-16,198
13181,2009-04-20,207
13181,2009-05-25,354
13182,2009-04-20,49
13182,2009-11-02,441
13184,2009-04-19,69
13184,2009-06-23,49
13184,2009-07-22,19
13185,2009-04-18,128
13186,2009-04-13,128
13186,2009-05-13,139
13187,2009-04-15,69
13187,2009-08-05,49
13188,2009-04-12,79
13188,2009-12-14,69
13188,2010-01-21,69
13190,2009-04-24,298
13191,2009-04-10,119
13192,2009-04-22,208
13192,2009-04-28,407
13192,2009-07-01,128
13192,2009-08-06,110
13192,2009-11-02,129
13192,2009-11-03,165.9
13192,2009-11-07,213
13192,2009-11-20,137
13192,2009-12-02,323
13192,2010-01-24,124
13192,2010-03-11,482
13192,2010-03-28,342
13194,2009-04-27,699
13194,2009-05-26,207
13195,2009-04-17,287
13196,2009-04-30,71
13196,2009-05-04,127
13196,2009-05-05,91
13196,2009-05-18,551
13196,2009-06-08,275
13196,2009-08-11,378.9
13196,2009-08-19,185.9
13196,2009-09-06,131
13196,2009-09-22,58
13196,2009-09-29,99
13196,2009-10-07,188
13196,2009-12-11,90
13196,2009-12-14,159
13196,2010-01-15,149
13196,2010-02-08,161.8
13196,2010-03-12,349
13196,2010-04-15,159
13201,2009-04-30,24.5
13201,2009-09-16,79
13207,2009-04-29,90
13207,2009-08-01,143
13208,2009-04-30,29
13233,2009-04-29,117
13233,2009-08-08,127
13233,2009-12-26,127
13233,2010-03-11,166
13233,2010-03-22,72
13241,2009-04-29,158
13245,2009-04-28,207
13245,2009-04-29,69
13245,2009-10-05,89
13245,2009-10-08,177
13245,2009-10-22,308
13245,2009-10-28,59
13245,2009-11-07,99
13245,2009-12-20,577
13245,2010-01-10,323
13245,2010-03-05,552
13245,2010-03-31,55
13245,2010-04-01,55
13427,2009-04-30,429
13427,2009-05-21,135
13427,2009-06-08,148
13427,2009-06-13,299
13427,2009-07-05,188
13427,2009-07-17,293
13427,2009-12-26,499
13589,2009-04-02,161
13589,2009-04-04,102
13589,2009-04-22,128
13589,2009-05-21,98
13589,2009-10-09,198
13589,2009-10-20,99
13678,2009-04-03,211.5
13693,2009-04-24,79
13693,2009-05-08,256
13693,2009-05-10,249
13693,2009-05-11,368
13693,2009-05-15,0
13693,2009-06-07,255.8
13693,2009-07-06,255.7
13693,2009-08-05,308
13693,2009-08-08,119
13693,2009-08-18,242
13693,2009-08-31,335
13693,2009-10-08,139
13693,2009-10-17,139
13693,2009-11-03,424
13693,2009-11-30,486
13693,2009-12-23,304
13693,2010-01-22,99
13693,2010-02-22,270.6
13693,2010-03-05,128
13693,2010-03-24,111
13693,2010-04-21,59
13784,2009-04-03,157
13784,2009-04-09,39
13784,2009-10-21,69
13797,2009-04-08,288
13797,2009-04-09,99
13797,2009-05-07,157
13813,2009-04-15,129
13813,2009-05-06,19
13839,2009-04-16,49
13839,2010-03-17,29
13839,2010-03-26,157
14017,2009-04-08,158
14017,2009-05-05,216
14017,2009-07-02,168
14017,2009-07-29,130
14017,2009-10-27,172
14017,2009-11-13,367.8
14017,2009-11-15,99
14017,2010-03-06,252
14017,2010-03-20,363
14024,2009-04-12,49
14074,2009-04-28,196
14074,2009-05-17,154
14074,2009-06-04,168
14074,2009-06-17,799
14074,2009-06-23,78
14074,2009-07-13,189
14074,2009-07-18,209
14074,2009-08-06,65.5
14074,2009-08-11,19.9
14074,2009-08-18,128
14074,2009-08-21,39
14074,2009-08-23,48
14074,2009-08-24,69
14074,2009-09-06,29
14074,2009-09-07,49
14074,2009-09-19,39
14074,2009-10-12,13
14074,2009-10-23,69
14074,2009-10-24,13
14074,2009-10-29,38
14074,2009-10-30,25
14074,2009-11-02,120
14074,2009-11-03,193
14074,2009-11-06,0
14074,2009-11-08,29
14074,2009-11-11,45
14074,2009-11-12,10
14074,2009-11-18,48
14074,2009-11-26,99
14074,2009-12-01,15
14074,2009-12-06,259
14074,2009-12-09,50
14074,2009-12-11,55
14074,2009-12-16,108
14074,2009-12-18,26
14074,2010-02-10,68.9
14074,2010-02-18,59
14074,2010-02-20,216
14074,2010-02-24,0
14074,2010-03-01,25
14074,2010-03-02,99
14074,2010-03-04,185
14074,2010-03-06,79
14074,2010-03-07,49
14074,2010-03-11,118
14074,2010-03-13,19
14074,2010-03-14,19
14074,2010-03-19,10
14074,2010-03-22,11
14074,2010-03-25,248
14074,2010-04-09,119
14074,2010-04-18,129
14766,2009-04-21,561
14870,2009-04-23,39
14914,2009-04-23,127
14930,2009-04-13,178
14932,2009-04-01,60
14932,2009-09-10,89
14933,2009-04-22,317
14934,2009-04-03,190
14934,2009-04-10,89
14934,2009-07-27,69
14934,2009-07-30,49
14934,2009-11-29,238
14934,2009-12-09,299
14934,2009-12-13,457
14934,2009-12-25,273
14934,2009-12-26,348
14934,2010-04-11,169
14937,2009-04-03,193
14937,2009-04-09,42
14937,2009-07-03,59
14942,2009-04-07,218
14942,2009-05-04,138
14944,2009-04-09,48
14949,2009-04-01,671.9
14949,2009-04-14,632
14949,2009-04-24,125
14949,2009-06-03,188
14949,2009-07-03,526
14949,2009-12-24,78
14949,2010-03-22,277
14959,2009-04-03,129
14959,2009-05-28,79
14959,2009-06-09,99
14959,2009-12-27,124
14963,2009-04-01,231
14963,2009-05-21,196
14963,2009-06-09,157.8
14963,2009-06-10,34
14963,2009-06-17,163
14963,2009-06-23,39
14963,2009-06-25,265
14963,2009-06-30,158
14963,2009-07-23,46
14963,2009-09-16,158
14963,2009-10-23,784
14963,2009-10-31,139
14963,2009-11-02,160
14963,2009-11-04,641
14963,2010-01-11,219
14963,2010-01-29,267
14964,2009-04-01,97
14964,2009-05-25,157
14964,2009-06-16,98
14964,2009-08-17,156
14964,2009-09-03,247
14964,2009-10-30,124
14969,2009-04-25,133.5
14971,2009-04-16,0
14971,2009-04-20,98
14972,2009-04-22,130
14972,2009-05-22,98
14972,2009-06-08,59
14972,2009-07-20,186
14972,2009-09-06,128
14972,2009-09-20,189
14973,2009-04-21,160
14973,2009-07-15,357
14973,2010-01-26,187
14973,2010-03-18,197
14975,2009-04-10,277
14975,2009-05-27,217
14975,2009-06-29,304.9
14975,2009-11-22,160.9
14975,2009-12-07,98
14976,2009-04-14,316
14976,2009-05-01,571
14976,2009-05-08,139
14979,2009-04-24,90
14979,2009-07-19,229
14979,2009-12-02,190
14979,2009-12-12,170
14980,2009-04-12,39
14980,2009-04-14,89
14980,2009-05-01,88
14980,2009-05-31,29
14980,2009-06-18,162
14980,2009-10-08,237
14980,2009-10-21,109
14980,2009-11-27,69
14980,2010-01-22,159
14980,2010-03-19,118
14981,2009-04-17,51
14981,2009-04-24,49
14982,2009-04-15,90
14982,2010-04-21,389
14983,2009-04-23,464
14983,2009-05-02,59
14983,2009-10-01,219
14985,2009-04-15,247
14986,2009-04-11,48
14987,2009-04-25,296
14987,2009-06-03,49
14988,2009-04-10,927
14988,2010-03-16,339
14988,2010-04-01,216.8
14990,2009-04-20,179.9
14990,2009-11-02,186.9
14991,2009-04-15,152
14991,2009-05-22,335
14991,2009-06-24,165
14991,2009-07-01,306
14991,2009-07-08,132.9
14991,2009-07-09,89
14991,2009-07-14,0
14991,2009-08-04,249
14991,2009-08-07,39
14991,2009-08-11,107
14991,2009-09-01,70.9
14991,2009-09-21,89
14991,2009-09-24,89
14991,2009-10-12,49
14991,2009-11-02,424
14991,2009-11-12,99
14991,2009-11-20,336
14991,2009-11-26,479
14991,2009-12-03,146
14991,2009-12-26,138
14991,2010-01-04,59
14991,2010-01-17,117.8
14991,2010-02-27,314
14991,2010-03-19,13
14991,2010-04-18,99
14992,2009-04-10,222
14992,2009-05-28,107
14992,2009-06-12,245
14992,2009-11-07,187
14992,2010-01-24,136
14993,2009-04-15,221
14994,2009-04-15,59
14994,2009-05-07,553
14994,2009-10-25,215.9
14994,2009-12-06,138
14994,2009-12-18,159
14994,2010-03-11,154
14998,2009-04-13,257
14999,2009-04-23,177
15002,2009-04-24,167
15003,2009-04-17,108
15005,2009-04-11,41
15007,2009-04-12,238
15007,2009-09-04,25
15007,2009-09-28,59
15009,2009-04-13,276
15009,2009-04-14,147
15009,2009-04-16,29
15009,2009-05-08,138
15009,2009-05-13,148
15009,2009-05-15,148
15009,2009-05-18,228
15009,2009-05-27,176
15009,2009-05-31,5
15009,2009-06-01,176
15009,2009-06-03,195
15009,2009-06-08,79
15009,2009-06-13,234
15009,2009-06-15,158
15009,2009-06-17,59
15009,2009-06-23,270
15009,2009-06-26,98
15009,2009-07-17,79
15009,2009-07-24,196
15009,2009-10-10,158
15009,2010-03-23,228
15009,2010-03-24,68
15011,2009-04-10,29
15027,2009-04-29,29
15060,2009-04-28,49
15060,2009-07-01,49
15070,2009-04-28,347.9
15070,2009-06-03,762
15070,2009-06-08,78
15070,2009-06-11,1233
15070,2009-06-15,78
15070,2009-06-19,386
15070,2009-06-24,486
15070,2009-06-26,679
15070,2009-07-02,319
15070,2009-07-06,494.9
15070,2009-08-03,145
15070,2009-09-14,593
15070,2009-09-16,156
15070,2010-04-08,468
15070,2010-04-15,788
15081,2009-04-29,232
15292,2009-04-18,49
15353,2009-04-04,88
15353,2009-04-29,78
15353,2009-05-09,193
15353,2009-10-25,99
15371,2009-04-09,99
15549,2009-04-17,153
15549,2009-07-18,107
15583,2009-04-21,80
15592,2009-04-08,157
15592,2009-04-29,170.5
15603,2009-04-11,268
15636,2009-04-21,334
15636,2009-04-22,434
15636,2009-05-12,207
15636,2009-05-16,147
15636,2009-05-24,310
15636,2009-05-28,192
15636,2009-09-04,443.8
15636,2009-12-13,891
15636,2010-04-25,178
15662,2009-04-02,119
15664,2009-04-03,49
15684,2009-04-10,19
15684,2009-11-16,1000
15684,2009-11-25,0
15710,2009-04-21,523
15710,2009-07-28,160.9
15710,2009-08-23,199
15710,2009-09-03,0
15710,2009-09-07,5
15710,2009-12-22,73
15711,2009-04-20,710
15711,2009-04-25,297
15711,2010-04-15,856
15720,2009-04-19,324
15788,2009-04-12,266
15824,2009-04-17,3
15849,2009-04-01,266.8
15849,2009-04-20,252
15849,2009-05-02,206
15849,2009-05-06,306
15849,2009-05-08,334
15849,2009-05-09,153
15849,2009-05-21,570
15849,2009-05-27,79
15849,2009-06-27,263
15849,2009-07-06,29.9
15849,2009-07-09,333.8
15849,2009-07-15,169
15849,2009-07-16,157
15849,2009-07-17,132
15849,2009-10-05,3
15849,2009-10-06,201
15849,2009-11-12,49
15857,2009-04-02,89
15857,2009-04-14,129
15857,2009-04-18,39
15857,2009-06-20,413
15857,2009-11-23,386
15857,2009-11-26,122
15869,2009-04-07,178
15869,2009-06-07,87.9
15869,2009-06-15,174
15869,2009-09-08,165
15894,2009-04-09,104.9
15894,2009-04-10,132
15894,2009-06-12,154.9
15924,2009-04-27,160
15928,2009-04-20,64
15928,2009-06-23,49
15928,2009-10-20,178
15957,2009-04-19,336
15957,2009-05-11,395
15957,2009-05-17,305
15957,2009-09-13,355
15957,2009-10-02,292
16017,2009-04-29,49
16031,2009-04-14,156.8
16047,2009-04-08,258
16074,2009-04-13,39
16541,2009-04-01,412
16541,2010-03-26,167
16843,2009-04-06,49
16843,2009-04-29,29
16846,2009-04-03,147.9
16855,2009-04-03,118
16860,2009-04-06,29
16860,2009-04-08,183.5
16860,2009-04-10,15
16860,2009-04-14,208
16860,2009-04-18,59
16860,2009-04-22,49
16860,2009-04-24,267
16860,2009-04-25,59
16860,2009-04-27,49
16860,2009-04-29,139
16860,2009-04-30,49
16860,2009-05-03,179
16860,2009-06-12,218
16862,2009-04-08,89
16863,2009-04-06,199
16863,2009-09-07,169
16863,2010-03-24,226
16868,2009-04-07,281
16871,2009-04-09,108
16871,2009-05-05,68.9
16871,2009-05-08,176.9
16871,2009-05-24,288
16871,2009-06-30,302
16871,2009-08-20,82.9
16871,2010-03-21,159
16878,2009-04-01,1
16880,2009-04-02,48
16884,2009-04-08,89
16885,2009-04-07,276
16887,2009-04-01,264
16896,2009-04-04,322
16896,2009-05-24,29
16897,2009-04-04,25
16897,2009-12-13,39
16898,2009-04-05,393
16898,2009-05-27,125
16901,2009-04-26,160
16903,2009-04-20,229
16903,2009-05-24,44
16903,2009-05-30,49
16904,2009-04-09,39
16905,2009-04-18,138
16905,2009-05-27,89
16906,2009-04-18,108
16906,2010-01-17,108
16907,2009-04-26,99
16907,2009-09-05,79
16909,2009-04-24,358
16909,2009-07-23,216.8
16909,2009-09-05,39
16909,2009-09-19,212
16909,2009-10-15,465
16909,2009-12-25,252
16909,2010-01-27,313.8
16909,2010-03-11,329.9
16909,2010-03-15,261
16909,2010-03-20,29
16911,2009-04-12,199
16911,2009-06-15,218
16913,2009-04-15,147
16914,2009-04-17,39
16914,2009-04-20,90
16914,2009-05-15,446
16914,2009-07-19,59
16915,2009-04-19,80
16915,2009-05-01,49
16915,2009-05-19,49
16915,2009-06-19,12.5
16915,2009-07-23,79
16915,2009-10-10,198
16915,2009-10-14,69
16918,2009-04-13,198
16918,2009-05-16,29
16918,2009-05-27,128
16918,2009-10-16,69
16919,2009-04-15,200
16919,2009-04-29,209
16919,2009-08-01,139
16919,2009-09-08,129
16919,2009-12-29,159
16919,2010-04-02,39
16919,2010-04-09,39
16920,2009-04-12,88
16921,2009-04-15,59
16922,2009-04-13,60
16923,2009-04-22,49
16924,2009-04-15,184
16926,2009-04-25,80
16926,2009-06-06,79
16926,2010-01-01,289
16926,2010-03-06,0
16926,2010-03-20,89
16927,2009-04-10,29
16930,2009-04-17,99
16931,2009-04-26,117
16931,2009-05-31,128
16931,2009-06-10,0
16931,2009-06-20,59
16931,2009-11-02,69
16932,2009-04-27,80
16932,2009-06-05,25
16932,2009-12-18,181.9
16932,2010-01-17,117
16933,2009-04-23,271
16933,2009-04-30,394
16933,2009-09-29,212
16933,2009-10-10,198
16933,2009-11-24,157.6
16934,2009-04-16,77.9
16934,2009-05-21,108
16934,2009-06-02,29
16936,2009-04-25,247
16936,2009-08-01,175
16936,2009-09-19,398
16936,2009-10-15,184
16936,2009-11-09,25
16936,2009-11-11,58
16936,2009-11-16,49
16936,2009-12-07,49
16937,2009-04-25,49
16938,2009-04-22,478
16939,2009-04-13,228
16939,2009-04-29,158
16939,2009-05-09,59
16939,2010-02-27,99
16940,2009-04-10,99
16940,2009-06-22,49
16941,2009-04-22,138
16942,2009-04-19,79
16949,2009-04-14,69
16951,2009-04-22,154
16952,2009-04-15,29
16954,2009-04-23,89
16955,2009-04-11,307
16955,2009-06-17,208
16959,2009-04-30,196
16959,2009-06-26,216
16959,2009-09-25,476
16959,2009-11-05,88
16961,2009-04-21,98
16961,2009-08-01,69
16961,2009-09-11,68
16962,2009-04-15,90
16962,2010-02-02,88
16963,2009-04-19,80
16965,2009-04-11,79
16966,2009-04-18,69
16967,2009-04-18,49
16968,2009-04-26,150
16969,2009-04-09,178
16970,2009-04-10,39
16970,2009-04-14,60
16970,2009-04-27,225
16970,2009-05-07,138
16970,2009-08-13,34
16970,2009-08-17,177
16970,2009-11-09,151.9
16971,2009-04-13,90
16971,2009-06-11,89
16973,2009-04-14,113
16973,2009-04-20,206
16973,2009-05-04,197
16973,2009-05-11,233
16973,2009-05-18,49
16973,2009-06-18,78
16973,2009-10-13,138
16973,2009-12-22,59
16973,2009-12-24,108.8
16973,2010-01-13,29
16973,2010-01-27,29
16973,2010-03-23,79
16973,2010-04-14,134
16977,2009-04-20,366
16977,2009-06-10,0
16977,2009-06-11,178
16979,2009-04-11,79
16981,2009-04-17,514
17001,2009-04-30,140
17001,2009-10-06,99
17001,2010-02-23,79
17001,2010-03-11,214
17001,2010-04-03,69
17006,2009-04-15,22
17006,2009-04-21,167
17006,2009-05-21,49
17006,2009-05-30,68.9
17006,2009-05-31,178
17006,2009-08-24,178
17006,2009-09-23,118
17006,2009-10-15,188
17006,2009-10-30,292
17006,2009-11-20,167.9
17006,2009-11-27,119
17006,2009-11-29,99
17006,2009-12-28,158
17006,2010-02-11,138
17006,2010-02-24,235
17006,2010-03-12,78
17006,2010-03-30,39
17006,2010-04-02,275
17006,2010-04-06,96
17006,2010-04-14,69
17006,2010-04-20,148
17024,2009-04-30,155.8
17024,2009-05-19,528
17024,2009-06-11,342
17024,2009-06-12,38
17024,2009-06-16,9
17024,2009-06-17,136
17024,2009-11-18,493.9
17024,2009-11-30,184
17024,2010-01-14,139
17024,2010-03-02,137.9
17024,2010-03-05,197
17024,2010-03-10,19.9
17024,2010-03-17,29
17041,2009-04-28,79
17055,2009-04-30,246
17055,2009-08-03,128
17060,2009-04-29,283
17060,2009-08-24,262
17060,2009-10-07,131
17060,2009-12-20,111
17228,2009-04-05,49
17228,2009-06-07,49
17288,2009-04-09,49
17288,2009-07-05,29
17322,2009-04-21,49
17322,2009-12-27,280
17322,2010-04-22,170
17377,2009-04-09,128
17377,2009-08-18,128
17382,2009-04-13,357
17382,2009-04-22,688
17382,2009-04-28,69
17382,2009-05-05,200
17382,2009-05-12,79
17382,2009-05-25,259.8
17382,2009-06-22,35
17382,2009-06-25,195
17382,2009-07-09,88
17382,2009-07-15,114
17382,2009-07-21,453
17382,2009-07-22,315
17382,2009-07-23,136
17382,2009-07-27,195
17382,2009-07-28,13
17382,2009-08-07,29
17382,2009-08-10,46
17382,2009-08-20,58
17382,2009-08-22,195
17382,2009-08-24,102
17382,2009-08-27,110
17382,2009-09-01,299
17382,2009-09-09,200
17382,2009-09-11,195
17382,2009-09-14,191
17382,2009-09-17,69
17382,2009-09-22,195
17382,2009-09-23,131
17382,2009-10-11,78
17382,2009-10-21,195
17382,2009-10-22,265
17382,2009-11-08,390
17382,2009-11-09,138
17382,2009-11-11,69
17382,2010-01-08,29
17382,2010-01-28,68
17382,2010-02-25,333
17382,2010-02-28,23
17382,2010-03-08,932
17382,2010-03-10,89
17382,2010-03-11,242
17382,2010-03-12,49
17382,2010-03-16,29
17426,2009-04-01,188
17597,2009-04-01,99
17597,2009-05-11,169
17597,2009-06-16,49
17597,2009-09-16,238
17597,2010-02-05,49
17597,2010-02-20,119
17607,2009-04-18,49
17657,2009-04-19,168
17687,2009-04-07,627
17695,2009-04-09,275
17695,2009-04-12,158
17695,2009-04-13,374
17695,2009-04-14,29
17695,2009-04-19,69
17695,2009-05-04,108
17695,2009-07-02,49
17695,2009-08-15,50
17695,2009-10-13,218
17695,2010-04-08,119
17697,2009-04-14,191
17697,2009-06-21,352.9
17697,2009-10-06,233
17697,2009-10-24,19
17697,2009-12-06,176
17697,2010-01-17,189.9
17697,2010-01-26,123
17752,2009-04-22,197
17752,2009-08-17,137.9
17752,2009-11-17,519
17752,2009-11-23,203
17752,2009-12-01,18
17752,2009-12-21,432
17752,2009-12-27,29
17752,2010-02-24,158
17767,2009-04-29,166.6
17767,2009-06-20,276
17767,2009-11-11,471.9
17775,2009-04-06,69
17785,2009-04-08,79
17785,2009-05-26,0
17785,2009-06-05,89
17785,2009-08-19,159.9
17785,2010-03-04,673.8
17785,2010-03-06,3
17805,2009-04-26,1604
17805,2009-07-21,354
17808,2009-04-16,188
17808,2009-04-17,55
17808,2009-07-28,127
17808,2009-09-24,144
17808,2009-12-16,178
17808,2010-01-28,238
17808,2010-04-14,248
17905,2009-04-12,229
18051,2009-04-10,202
18459,2009-04-28,185
18459,2009-06-23,39
18459,2009-08-31,49
18536,2009-04-24,166
18536,2009-11-15,246.7
18536,2009-12-24,129
18919,2009-04-07,101
18925,2009-04-06,78
18928,2009-04-09,29
18929,2009-04-05,134
18933,2009-04-08,138
18938,2009-04-02,149
18947,2009-04-05,59
18948,2009-04-07,191
18948,2009-04-22,31
18948,2009-04-23,19
18948,2009-05-27,671
18948,2009-06-01,201
18948,2009-06-07,531
18948,2009-10-10,109
18948,2009-10-13,204
18948,2010-01-29,192
18948,2010-03-27,150
18949,2009-04-04,59
18957,2009-04-07,206
18957,2009-06-02,137
18957,2009-06-08,68
18957,2009-07-23,78
18957,2009-07-25,82.9
18957,2010-04-01,19
18957,2010-04-16,88
18958,2009-04-01,257
18958,2009-05-22,49
18960,2009-04-06,218
18960,2009-10-02,29
18961,2009-04-02,89
18963,2009-04-08,89
18963,2009-05-08,483
18967,2009-04-05,149
18973,2009-04-13,38.9
18974,2009-04-16,226
18974,2009-11-03,29
18978,2009-04-10,138
18978,2009-05-26,120
18978,2009-10-09,93
18978,2009-10-10,0
18979,2009-04-27,69
18980,2009-04-17,207
18983,2009-04-20,89
18983,2009-04-26,217
18983,2009-05-15,79
18983,2009-05-23,167
18983,2009-10-02,159
18983,2010-03-06,106
18984,2009-04-19,42
18984,2009-04-21,80
18984,2009-04-24,29
18984,2009-04-25,290
18984,2009-05-13,0
18988,2009-04-24,29
18989,2009-04-19,546
18989,2009-07-17,542
18989,2009-11-05,146
18989,2010-03-29,237.9
18989,2010-04-11,301
18990,2009-04-23,39
18991,2009-04-16,58.9
18991,2009-06-03,48.9
18991,2009-06-04,88
18991,2009-06-23,112
18991,2009-09-24,29
18992,2009-04-11,357
18993,2009-04-24,206
18993,2009-11-19,58
18994,2009-04-19,227
18994,2009-05-09,159
18995,2009-04-23,176
18997,2009-04-26,98
18999,2009-04-21,188
19000,2009-04-25,220
19000,2009-05-02,190
19000,2009-06-07,30
19000,2009-12-25,169
19000,2010-01-09,104
19000,2010-01-13,168
19000,2010-02-06,113
19000,2010-03-08,108
19000,2010-03-10,100
19000,2010-03-16,69
19002,2009-04-09,81
19004,2009-04-27,78
19004,2009-12-09,89
19004,2009-12-11,199
19006,2009-04-14,130
19006,2009-04-17,442
19006,2009-06-06,374.9
19006,2009-06-15,1
19006,2009-06-29,58
19006,2009-10-11,62
19006,2009-12-31,81.9
19006,2010-01-28,169
19007,2009-04-14,49
19008,2009-04-20,112
19008,2009-05-21,355
19008,2009-12-02,90
19008,2010-03-07,188
19008,2010-03-19,459
19008,2010-03-31,36
19009,2009-04-26,49
19009,2009-07-12,69
19010,2009-04-18,29
19012,2009-04-19,19
19013,2009-04-25,29
19013,2009-09-26,356
19014,2009-04-11,39
19014,2009-05-24,130
19016,2009-04-09,98
19019,2009-04-15,39
19019,2009-11-24,130
19023,2009-04-16,128
19023,2009-06-11,265
19023,2009-06-16,29
19023,2009-06-30,30
19023,2009-07-11,99
19023,2009-10-05,49
19023,2009-10-19,198
19027,2009-04-23,59
19028,2009-04-16,269
19028,2009-07-14,145.8
19028,2010-03-22,162
19028,2010-03-23,372
19029,2009-04-03,129
19029,2009-04-06,48
19031,2009-04-24,313
19032,2009-04-17,158
19032,2009-05-20,391
19032,2009-06-05,59
19033,2009-04-13,69
19037,2009-04-30,48
19037,2009-12-08,89
19037,2009-12-11,424.6
19038,2009-04-28,168
19043,2009-04-28,49
19052,2009-04-28,29
19052,2009-12-15,329
19063,2009-04-28,388
19070,2009-04-29,2
19070,2009-04-30,202
19074,2009-04-28,29
19074,2009-12-11,39
19078,2009-04-30,29
19078,2010-01-11,158
19079,2009-04-30,118.8
19081,2009-04-28,346
19100,2009-04-30,49
19217,2009-04-10,276
19217,2009-04-18,177
19217,2009-04-25,129
19329,2009-04-27,179
19338,2009-04-14,164.9
19338,2009-04-16,9
19338,2009-09-01,395
19338,2009-09-11,79
19394,2009-04-30,228
19434,2009-04-17,165
19445,2009-04-21,517
19445,2009-04-24,39
19445,2009-10-16,420
19511,2009-04-17,260.9
19600,2009-04-16,160
19604,2009-04-18,76
19604,2010-03-18,180
19617,2009-04-13,167
19617,2009-09-24,103
19710,2009-04-02,287
19710,2009-04-10,69
19710,2009-05-27,128
19710,2009-07-21,167
19710,2009-07-22,146.9
19710,2009-08-28,304.9
19710,2009-09-01,3
19710,2010-04-08,263
19717,2009-04-01,39
19778,2009-04-18,99
19829,2009-04-07,116
19829,2009-04-15,39
19905,2009-04-29,158
19905,2009-06-05,173
19905,2009-06-09,265
19905,2009-09-26,357
19905,2009-10-08,199
19905,2009-10-17,439
19905,2009-11-03,94
19905,2009-11-25,302
19905,2009-12-25,96
19936,2009-04-15,185
19951,2009-04-27,263.5
19985,2009-04-01,44
19985,2009-04-20,29
19985,2009-05-06,156
20017,2009-04-28,67
20017,2009-05-08,99
20017,2009-05-24,144
20017,2009-05-28,19
20017,2010-01-20,117
20020,2009-04-08,69
20020,2009-07-23,59
20043,2009-04-11,119
20043,2009-04-15,99
20043,2009-05-15,257
20043,2009-05-16,69
20043,2009-06-01,218.9
20043,2009-06-13,68
20043,2009-06-18,360
20043,2009-08-17,289
20593,2009-04-11,9
20593,2009-04-15,43
20593,2009-05-01,45
20593,2009-10-04,79
20593,2009-11-03,74
20593,2010-02-11,118
20593,2010-02-27,152
20593,2010-03-13,58
20920,2009-04-02,59
20920,2009-10-16,99
20921,2009-04-06,169
20921,2009-11-06,99
20927,2009-04-06,309
20927,2009-06-01,68
20927,2009-06-02,375
20927,2009-06-03,59
20927,2009-06-04,157
20927,2009-06-05,27
20927,2009-06-18,29
20927,2009-06-30,138
20927,2009-08-23,313.9
20927,2009-08-25,3
20927,2009-08-26,264
20927,2009-11-07,59
20927,2009-11-08,168.9
20928,2009-04-07,79
20928,2009-04-10,89
20931,2009-04-02,98
20931,2009-04-29,123
20931,2009-05-05,118
20931,2009-05-06,39
20931,2009-05-12,78
20938,2009-04-05,89
20938,2009-09-12,149
20940,2009-04-14,89
20946,2009-04-01,79
20947,2009-04-01,99
20947,2009-11-12,409
20949,2009-04-07,79
20949,2009-05-09,29
20951,2009-04-08,129
20951,2009-04-09,99
20951,2009-09-16,42.7
20951,2009-10-19,129
20952,2009-04-01,211
20952,2009-04-03,138
20952,2009-04-05,89
20952,2009-06-23,105
20954,2009-04-08,655
20954,2009-04-10,207
20954,2009-05-13,257
20954,2009-11-04,420
20954,2009-11-07,161
20956,2009-04-03,219
20956,2009-04-15,219
20966,2009-04-08,89
20966,2009-05-08,354
20966,2009-06-09,168
20966,2009-06-28,29
20966,2009-10-15,98
20966,2009-12-13,236.9
20966,2010-01-28,194
20973,2009-04-20,128
20973,2010-02-02,65
20973,2010-02-05,39
20974,2009-04-15,69
20975,2009-04-24,413.9
20975,2009-04-28,139
20975,2009-07-15,107
20975,2009-09-04,119
20975,2010-04-22,188
20976,2009-04-13,200
20978,2009-04-12,59
20979,2009-04-22,128
20979,2009-04-27,59
20979,2009-09-30,79
20979,2009-10-21,298
20979,2010-03-26,119
20980,2009-04-26,89
20981,2009-04-13,49
20983,2009-04-25,119
20984,2009-04-10,89
20989,2009-04-18,128
20989,2009-07-02,49
20990,2009-04-10,67
20996,2009-04-15,189
20996,2009-08-10,165
20998,2009-04-25,69
20998,2009-06-25,59
20998,2009-09-20,113
20998,2009-10-05,78
21000,2009-04-27,108
21002,2009-04-11,90
21002,2009-08-12,29
21003,2009-04-20,167
21004,2009-04-10,178
21004,2009-05-13,289
21005,2009-04-10,188
21007,2009-04-26,49
21007,2009-05-10,89
21007,2009-06-07,79
21008,2009-04-24,39
21008,2009-07-09,277
21009,2009-04-23,128
21009,2009-04-26,69
21009,2009-05-24,49
21009,2009-10-24,99
21009,2009-12-11,59
21012,2009-04-09,365
21012,2010-04-11,97
21013,2009-04-20,29
21013,2009-04-21,29
21013,2009-05-21,118
21013,2010-01-12,88
21014,2009-04-10,168
21014,2009-05-11,299
21014,2009-05-18,249
21014,2009-05-27,79
21014,2009-12-04,138.9
21014,2009-12-15,151
21014,2010-02-24,148
21014,2010-03-02,109.8
21014,2010-04-26,158
21018,2009-04-16,266
21018,2009-04-21,78
21019,2009-04-26,345
21019,2009-05-08,315
21019,2009-05-10,208
21020,2009-04-26,149
21022,2009-04-21,238
21023,2009-04-20,108
21023,2009-04-25,59
21023,2010-01-28,59
21024,2009-04-15,78
21024,2009-04-18,79
21024,2009-05-07,79
21024,2009-06-23,39.5
21024,2009-06-24,39.5
21024,2009-07-22,147
21024,2009-07-25,49
21024,2009-09-17,49
21024,2010-03-23,160
21025,2009-04-13,247.8
21027,2009-04-12,208
21028,2009-04-14,219
21028,2009-05-04,100
21028,2009-06-19,158
21028,2010-02-03,121
21029,2009-04-14,349
21029,2009-07-30,58
21029,2009-08-09,58
21029,2009-10-03,29
21031,2009-04-26,89
21031,2009-06-06,88
21031,2009-07-06,186
21032,2009-04-26,59
21032,2009-11-07,99
21032,2009-11-24,109
21032,2009-11-28,69
21032,2009-12-22,99
21033,2009-04-10,496
21034,2009-04-12,248
21034,2009-04-18,238
21034,2009-08-12,25
21037,2009-04-18,174
21037,2009-05-03,49
21037,2009-05-10,228
21037,2009-05-29,268
21037,2009-08-18,59
21037,2009-08-29,59
21037,2009-09-22,229
21037,2009-10-10,149
21037,2010-02-07,577
21038,2009-04-13,79
21039,2009-04-19,179
21039,2009-08-30,216
21041,2009-04-20,413
21041,2009-05-05,109
21042,2009-04-13,206
21043,2009-04-20,69
21044,2009-04-12,546
21044,2009-06-11,326
21044,2009-07-01,218
21044,2010-04-19,277
21045,2009-04-19,59
21045,2009-04-24,49
21045,2009-05-01,49
21045,2009-05-02,59
21045,2009-05-03,69
21045,2009-05-06,89
21045,2010-03-05,119
21045,2010-03-17,644
21045,2010-03-28,458
21045,2010-04-13,100
21048,2009-04-30,128
21052,2009-04-29,290
21052,2010-03-01,397
21079,2009-04-28,59
21083,2009-04-28,89
21083,2009-05-06,143
21083,2009-05-26,103
21083,2009-06-01,120
21083,2009-06-08,29
21083,2009-06-11,180
21083,2009-06-12,39
21083,2009-06-13,79
21083,2009-06-29,29
21083,2010-04-05,270
21083,2010-04-10,307
21083,2010-04-12,5.9
21092,2009-04-30,99
21096,2009-04-29,316
21096,2009-10-21,198
21096,2009-11-28,99
21102,2009-04-28,354
21102,2009-05-10,325
21102,2009-06-07,394
21102,2009-06-08,59
21102,2009-06-26,819
21102,2009-08-19,991
21102,2009-08-21,215
21102,2009-08-23,408
21102,2009-08-27,201
21102,2009-09-02,471
21102,2009-09-07,482.9
21102,2009-09-08,224
21102,2009-09-09,210
21102,2009-09-10,297
21102,2009-09-16,133
21102,2009-09-19,78
21102,2009-10-15,316
21102,2009-10-19,157
21102,2009-11-15,29
21102,2010-01-04,256
21108,2009-04-30,69
21108,2009-08-27,780
21108,2010-01-22,20
21108,2010-01-28,1068
21108,2010-03-19,1998
21108,2010-04-06,228
21108,2010-04-23,395
21279,2009-04-11,158
21279,2009-05-08,129
21279,2009-05-16,566.9
21279,2009-05-20,154
21279,2009-06-26,191
21329,2009-04-13,99
21410,2009-04-20,167
21410,2009-06-06,255
21410,2009-06-21,147
21410,2009-09-06,255.8
21410,2010-03-19,456
21410,2010-03-27,0
21431,2009-04-22,287
21431,2009-09-07,159
21457,2009-04-11,167
21457,2009-07-25,337
21457,2009-09-06,800
21457,2009-11-16,496
21457,2010-02-06,194
21457,2010-02-26,173
21457,2010-04-01,157
21457,2010-04-12,162
21511,2009-04-20,340.9
21511,2009-09-12,512.9
21511,2010-01-04,394
21511,2010-01-08,49
21514,2009-04-20,189
21621,2009-04-10,267
21621,2009-04-14,285
21621,2009-04-27,255
21621,2009-05-03,59
21621,2009-05-10,257
21621,2009-06-07,270
21621,2009-06-15,265
21621,2009-06-21,252
21621,2009-06-22,250
21621,2009-07-08,158
21621,2009-07-20,122
21621,2009-07-25,400
21621,2009-07-27,48
21621,2009-07-31,123
21621,2009-08-18,79
21621,2009-08-29,208
21621,2009-09-03,153
21621,2009-09-06,39
21621,2009-09-19,203
21621,2009-09-22,78
21621,2009-09-26,29
21621,2009-09-28,250
21621,2009-10-24,267
21621,2009-11-06,118
21621,2010-01-09,55
21621,2010-04-03,343
21621,2010-04-17,24
21621,2010-04-26,57
21660,2009-04-15,427.8
21669,2009-04-16,188
21669,2009-04-21,69
21669,2009-06-03,49
21669,2009-06-05,99
21669,2009-06-12,154
21669,2009-06-15,208
21669,2009-07-02,108
21669,2009-07-28,175.9
21669,2010-04-12,207
21701,2009-04-25,151
21774,2009-04-21,168
21790,2009-04-27,237
21790,2009-10-04,129
21792,2009-04-27,69
21811,2009-04-04,277
21811,2009-05-13,279
21811,2009-05-25,154
21955,2009-04-23,342.8
21955,2009-06-01,234
21955,2009-06-02,26
21955,2009-06-09,134
21955,2009-07-01,180
21955,2009-10-23,118
21955,2009-10-24,322
21955,2010-01-18,29
21955,2010-02-08,272.8
21955,2010-04-09,38
21955,2010-04-13,48
21955,2010-04-17,39
21957,2009-04-23,383
21957,2009-06-05,290
21957,2009-12-07,203
21957,2010-03-13,129
21958,2009-04-08,128
21958,2009-05-12,167
21994,2009-04-13,48
22016,2009-04-23,39
22054,2009-04-05,187
22370,2009-04-10,69
22370,2009-10-01,260
22370,2010-01-06,151
22461,2009-04-30,259
22461,2010-04-07,299
22558,2009-04-13,209
22558,2009-05-07,252
22558,2009-12-23,502.9
22663,2009-04-04,59
22663,2009-10-20,118
22663,2010-02-03,169
22836,2009-04-05,118
22836,2009-10-18,148
22836,2009-10-19,337
22836,2009-12-09,199
22838,2009-04-09,248
22838,2009-05-15,39
22843,2009-04-08,632
22847,2009-04-10,38
22849,2009-04-04,149
22849,2009-06-06,79
22850,2009-04-03,49
22850,2009-04-26,79
22850,2009-05-20,29
22850,2009-05-21,136
22860,2009-04-01,168
22860,2009-09-15,79
22860,2009-10-08,129
22864,2009-04-06,70
22864,2009-07-21,59
22865,2009-04-06,80
22865,2009-04-07,48
22865,2009-04-12,48
22865,2009-08-23,230.7
22867,2009-04-03,396
22867,2009-07-10,127
22867,2010-01-23,59
22873,2009-04-03,386
22873,2009-11-20,99
22874,2009-04-08,177
22877,2009-04-06,167
22883,2009-04-05,84
22886,2009-04-06,188
22886,2009-04-12,59
22886,2009-08-29,704
22892,2009-04-13,49
22893,2009-04-15,217
22893,2009-04-28,159
22893,2009-05-28,99
22893,2010-03-31,338
22894,2009-04-14,220
22894,2009-06-20,49
22894,2009-06-29,19
22895,2009-04-09,69
22895,2009-08-31,69
22895,2009-10-07,115
22897,2009-04-13,317
22897,2009-04-14,0
22898,2009-04-22,69
22898,2009-04-29,107
22898,2009-06-28,109
22899,2009-04-22,195
22899,2009-09-20,129
22899,2009-11-12,100
22899,2010-01-09,201
22899,2010-02-23,207
22900,2009-04-26,39
22915,2009-04-11,148
22916,2009-04-24,89
22916,2009-11-10,302.9
22920,2009-04-19,118
22923,2009-04-22,68
22923,2009-09-26,58
22924,2009-04-21,129
22925,2009-04-01,207
22925,2009-04-24,89
22925,2009-05-13,265
22925,2009-05-20,729
22925,2009-06-10,255.9
22925,2009-07-30,64
22925,2009-09-24,29
22925,2009-10-10,625
22925,2009-10-16,99
22925,2009-10-22,55
22925,2009-10-27,832
22925,2009-11-12,39
22925,2009-11-27,169
22925,2009-12-02,464
22925,2010-01-04,87
22925,2010-01-28,232
22925,2010-04-16,99
22925,2010-04-23,366
22926,2009-04-23,279
22927,2009-04-14,49
22927,2009-04-20,58
22927,2009-05-12,376
22927,2009-05-19,49
22927,2009-06-07,29
22927,2009-06-22,29
22927,2010-03-29,198
22927,2010-04-09,128
22927,2010-04-14,49
22929,2009-04-13,79
22930,2009-04-22,119
22931,2009-04-12,79
22931,2009-07-03,119
22933,2009-04-23,49
22933,2009-05-15,49
22935,2009-04-15,396
22935,2009-04-18,186
22935,2009-04-27,39
22935,2009-05-07,29
22935,2009-07-02,99
22936,2009-04-26,247
22937,2009-04-14,99
22939,2009-04-18,89
22940,2009-04-16,216
22940,2009-12-22,78
22943,2009-04-20,128
22943,2009-04-29,69
22943,2009-06-04,237
22943,2009-06-11,118
22943,2009-06-26,200
22943,2009-09-29,159
22944,2009-04-26,69
22944,2009-06-23,79
22944,2009-08-29,237
22944,2009-10-11,298
22945,2009-04-13,158
22945,2009-07-19,114
22947,2009-04-24,410
22947,2009-05-25,386
22947,2009-06-28,342
22948,2009-04-22,59
22949,2009-04-15,75
22963,2009-04-30,362
22963,2009-09-15,475
22963,2009-11-29,428.7
22972,2009-04-28,97
22974,2009-04-29,156
22974,2009-05-27,29
22974,2009-11-23,187
22974,2009-12-24,327
22975,2009-04-29,79
23007,2009-04-28,119
23007,2009-04-29,128
23007,2009-06-13,88
23007,2009-06-14,49
23007,2009-09-06,119
23060,2009-04-08,79
23282,2009-04-04,59
23282,2009-07-14,49
23282,2009-08-07,205
23282,2009-08-10,138
23282,2009-08-12,29
23282,2009-08-13,29
23282,2009-11-04,185.9
23282,2009-11-06,131
23282,2009-11-28,88
23282,2009-12-21,216.9
23282,2009-12-24,529
23282,2010-01-07,385
23419,2009-04-01,38
23531,2009-04-27,120
23531,2009-05-04,69
23531,2009-06-12,307
23531,2010-04-16,39.9
23531,2010-04-20,156
23546,2009-04-14,177
23654,2009-04-19,278.5
23654,2009-05-14,39
23700,2009-04-08,294
23700,2009-05-14,196
23700,2009-08-07,132
23734,2009-04-15,185
23734,2009-07-15,255
23734,2010-02-24,329
23734,2010-03-04,375.9
23734,2010-03-24,390
23773,2009-04-26,69
23773,2009-09-05,25
23773,2009-09-10,19.9
23823,2009-04-15,214
23830,2009-04-17,170.9
23830,2009-05-04,97
23830,2009-07-02,150
23830,2009-07-03,147
23830,2009-07-18,468
23830,2009-07-30,119
23830,2009-07-31,39
23830,2009-08-05,186
23830,2009-08-06,55
23830,2009-08-07,59
23830,2009-08-12,85
23830,2009-08-13,69
23830,2009-08-14,158
23830,2009-09-11,38
23830,2009-09-28,35
23830,2009-10-14,127
23830,2009-10-19,25
23830,2009-10-20,182
23830,2009-10-24,19
23830,2009-10-26,470
23830,2009-10-27,269
23830,2009-10-28,55
23830,2009-10-31,25
23830,2009-11-04,92
23830,2009-11-07,42
23830,2009-11-13,39
23830,2009-11-15,39
23830,2009-11-16,93
23830,2009-11-18,9
23830,2009-11-19,218
23830,2009-11-25,94
23830,2009-11-29,97
23830,2009-11-30,59
23830,2009-12-03,35
23830,2009-12-05,91
23830,2009-12-07,35
23830,2009-12-11,276
23830,2009-12-16,321
23830,2009-12-17,69
23830,2009-12-20,334
23830,2009-12-21,472
23830,2009-12-22,786
23830,2009-12-23,577
23830,2009-12-30,148
23830,2010-01-26,0
23830,2010-02-26,328
23830,2010-03-11,175
23830,2010-03-15,198
23830,2010-04-09,515.9
23832,2009-04-18,115
23832,2009-09-09,79
23832,2009-12-24,229
23861,2009-04-10,157
23946,2009-04-20,178
23946,2009-08-21,310
23946,2009-11-02,238
23981,2009-04-08,174
